label,t,h
0,الطيران الحربي اليمني يشن غارات جوية على مناطق قبلية خارج العاصمة اليمنية صنعا في الوقت الذي أعلن زعيم قبيلة حاشد الشيخ صادق الأحمر عن وقف إطلاق نار بين أنصار ه و القوات الموالية ل لرئيس علي عبدالله صالح في صنعا ,اليمن  مظاهرات سلمية و الطيران الحربي يقصف مناطق قبلية 
1,المنتخب المغربي يفوز على نظير ه الجزائري ب رباعية نظيفة و يتصدر المجموعة الرابعة في التصفيات المؤهلة ل كأس الامم الافريقية ل كرة القدم 2012 ,تصفيات أمم افريقيا  رباعية مغربية في شباك الجزائر 
0,نددت الأمم المتحدة ب اعتقال موظفي ها شمال السودان العاملين ضمن مهمة الأمم المتحدة في السودان و دعت إلى إطلاق سراح هم ,الأمم المتحدة تطالب ب الاطلاق الفوري ل سراح 6 من موظفي ها في السودان 
0,توتر امني يسود صنعا يترافق مع حالة الترقب التي تعيش ها اطراف الصراع في اليمن بعد رفض عبدربه منصور هادي الحديث الى المعارضة المطالبة ب تخلي الرئيس علي عبد الله صالح فورا عن السلطة ,اليمن  توتر في صنعا و المعارضة تتهم نائب الرئيس ب رفض الحوار مع ها 
1,المرشح الكازاخي ل رئاسة صندوق النقد الدولي يتخلى عن ترشيح ه ل يقتصر السباق على الوظيفة على وزيرة المالية الفرنسية كريستين ل اغارد و محافظ البنك المركزي المكسيكي اغوستين كارستنز ,حصر السباق على رئاسة صندوق النقد بين لاغارد و كارستنز 
0,فيما طغى الشأن المحلي على تغطيات الصحف البريطانية ل يوم الخميس  ف إن أحداث الشرق الأوسط لم تغب كلية  و حظيت كل من ليبيا  و سورية تغطية كبيرة  و في الشأن السوري احتل موضوع تزايد اللاجئين من جسر الشغور  حيزا كبيرا ,الصحافة البريطانية  تعرف إلى ماهر الأسد  و غيتس ينتقد أعضا في الناتو 
1,مجلس الامن يناقش مشروع قرار تقدمت ب ه كل من بريطانيا و فرنسا يدين النظام السوري على قمع المتظاهرين المطالبين ب الاصلاح ,مجلس الامن يدرس قرارا يدين القمع في سورية 
1,رئيس الوزرا التركي رجب طيب أردوغان يقول إن ه يأمل في أن تعزز نتائج الانتخابات التشريعية التي تشهد ها بلاد ه اليوم السلام و الحقوق الأساسية في تركيا ,اردوغان  آمل ان تعزز نتائج الانتخابات التشريعية السلام و الحقوق الأساسية في تركيا 
1,اعتذر موقع ف يسبو ك عن الطريقة التي دشنت ب ها الخدمة الجديدة ل توزيع الصور و التي تميز المستخدمين من خلال صور هم ,ف يسبو ك يعتذر عن ما سببت ه الخدمة الجديدة ل توزيع الصور 
1,طائرة امريكية ب دون طيار استهدفت القيادي في القاعدة الياس كشميري و مجموعت ه غربي باكستان ف قتلت ه مع خمسة اشخاص ,باكستان  غارة أمريكية تقتل قياديا في القاعدة 
1,يأمل منظمو ملتقى دولي يعقد في العاصمة البريطانية لندن الاثنين جمع 37 مليار دولار ب حلول عام 2015 ل توفير اللقاحات اللازمة ل مكافحة الالتهاب الرئوي و الاسهال لدى الأطفال ,مؤتمر دولي في لندن يسعى ل توفير 37 مليار دولار ل دعم ل قاحات الاطفال 
1,صندوق النقد الدولي يقول ان ه تمت عملية فرز القائمة المختصرة ل لمرشحين ل منصب المدير العام ل لصندوق و ضمت وزيرة المالية الفرنسية كريستين ل اغارد و حاكم بنك المكسيك اوغوستين كارستنس ,صندوق النقد الدولي يختار مرشحين ل لتنافس على ادراته 
0,فريق مانشستر يونايتد يفوز ب الدوري الإنجليزي ل كرة القدم بعد تعادل ه مع فريق بلاكبيرن روفرز ب هدف ل كل من هما ,مانشستر يونايتد يفوز ب الدوري الإنجليزي الممتاز ل كرة القدم قبل مباراتين من انتهائ ه رسميا 
1,في مقابلة خاصة مع بي بي سي  رئيس الوزرا المصري عصام شرف يؤكد أن القانون المصري يكفل حق التظاهر ل لجميع و أن المظاهرات التي تتم في حدود هذا القانون تساعد الحكومة في اتخاذ القرارات ,عصام شرف  التظاهر حق مكفول ل لجميع في مصر 
0,الاطراف المتخاصمة في الحكومة الصومالية تتوصل الى تأجيل الانتخابات  بعد اشهر من المفاوضات المتعثرة التي اثارت غضب الدول المانحة  و اسهمت في توسيع مكاسب المسلحين الاسلاميين ,الاطراف الصومالية تتفق تأجيل الانتخابات ل مدة عام 
0,نشطا حقوق انسان يقولون ان 25 شخصا قتلوا خلال 24 ساعة في محافظة ادلب شمالي سورية و ارتفاع حصيلة القتلى في حماه بعد العثور على نحو 23 جثة في احدى الحدائق ب المدينة ,شهود عيان يتحدثون عن مقتل 25 شخصا في جسر الشغور 
0,حزب العدالة و التنمية الحاكم الذي يتزعم ه رئيس الوزرا التركي رجب طيب أردوغان يفوز في الانتخابات النيابية بعد فرز 99 في المائة من الأصوات و اردوغان يتعهد في خطاب النصر ب العمل مع خصوم ه على وضع دستور جديد ل لبلاد ,الانتخابات التركية  اردوغان يفوز ب ولاية ثالثة و يتعهد ب العمل مع منافسي ه ل تغيير الدستور 
0,رئيس الاحتياطي الفيدرالي الأمريكي بن برنانكي يقول إن انتعاش الاقتصاد الأمريكي سيحقق تقدما خلال النصف الثاني من العام الجاري ,برنانكي  انتعاش الاقتصاد الأمريكي سوف يحقق تقدما خلال العام المقبل 
1,محققون رومانيون يقولون ان زوجة احد دبلوماسيي جمهورية الكونغو الديمقراطية قد اعتقلت في رومانيا بعد الشك في قيام ها ب تهريب السجائر الى بلاد هم ,زوجة دبلوماسي من الكونغو تهرب السجائر إلى رومانيا 
0,سماع دوي انفجارات ضخمة في طرابلس  و هي الانفجارات الأشد التي تعرضت ل ها العاصمة الليبية  و واشنطن تستعد ل فتح مكتب ل لمجلس الانتقالي ,غارات غربية عنيفة على طرابلس  و مكتب ل لانتقالي في واشنطن 
1,الرئيس الجديد ل موقع تويتر في أوروبا حذر المستخدمين من أن هم قد يواجهون دعاوى قضائية في حالة انتهاك هم أوامر السرية التي تفرض ها المحاكم البريطانية ,موقع تويتر في أوربا يحذر المستخدمين من انتهاك قواعد الخصوصية 
0,نجاح عملية زرع وجه استغرقت 20 ساعة ل لامريكية تشارلا ناش التي مزق شمبانزي وجه ها عام 2009 ,زرع وجه ل امرأة هاجم ها شمبانزي قبل عامين 
1,ناطق ب اسم المعارضة الليبية في بلدة الزنتان يقول إن 5 اشخاص قتلوا و اصيب 21 ب جروح في البلدة يوم الاحد جرا قصف مدفعي نفذت ه قوات القذافي ,ليبيا  مقتل 5 و اصابة 21 في قصف مدفعي ل لزنتان 
0,محادثات رئيس الوزرا البريطاني ديفيد كاميرون مع ضيف ه الرئيس الأمريكي باراك أوباما بدأت منذ قليل في داوننج ستريت في لندن و من المقرر أن تتركز المحادثات حول عمليات حلف شمال الأطلسي في ليبيا و الموقف في الشرق الأوسط ,الربيع العربي أهم البنود على جدول محادثات أوباما و كاميرون 
1,المغنية شاكيرا ترقص مع صديق ها مدافع فريق برشلونه جيرارد بيكيه و بعض من نجوم الفريق أثنا الحفل الذي أحيت ه في المدينة  ابتهاجا ب فوز الفريق ب كأس بطولة دوري الأبطال الأوروبي ل كرة القدم ,شاكيرا ترقص مع نجوم برشلونة احتفالا ب الكأس 
0,زعيم اليوغا بابا رامديف يقول ان ه سيواصل الصوم بعد طرد ه من العاصمة  مصرا على دعوت ه ل استعادة مليارات الدولارات من اموال الفساد المهربة في الخارج ,بابا رامديف يواصل الاضراب احتجاجا على الفساد في الهند 
1,انتقد نواب في البرلمان البريطاني منح عشرات آلالاف من اللاجئين حق الإقامة في بريطانيا  و وصفو ه ب أن ه أشبه ب منح عفو ل لمتجاوزين ل قوانين الهجرة ,انتقادات ل منح عشرات آلالاف من طالبي اللجو حق الإقامة في بريطانيا 
1,تضاربت الأنبا ب شأن وقوع هجومين منفصلين في ولاية جنوب كردفان السودانية المضطربة  و الأمم المتحدة تعلن أن ها تحقق في الحادثين ,السودان  هجومان مسلحان في جنوب كردفان 
1,الرئيس الافغاني كرزا ي يقول في مؤتمر صحفي إن ه ما لم ت كف قوات الاطلسي عن استهداف المدنيين الافغان في مساكن هم  سيبدأ الافغان ب النظر الي ها على ان ها قوات احتلال تعمل ب الضد من ارادة الشعب الافغاني ,افغانستان  كرزا ي يحذر الاطلسي من مغبة التحول الى قوة احتلال 
0,الشرطة الباكستانية تعلن مقتل 15 شخصا و إصابة العشرات في تفجيرين في منطقة تسوق في مدينة بيشاور ,باكستان  مقتل 15 شخصا في تفجيرين ليل السبت في منطقة تسوق في بيشاور شمال غرب البلاد 
1,اتهمت الأمم المتحدة السلطات السورية ب ارتكاب ما وصفت ه ب انتهاكات خطيرة و واسعة النطاق خلال تعامل ها مع الاحتجاجات في البلاد ,الأمم المتحدة تتهم السلطات ب ارتكاب انتهاكات خطيرة في التعامل مع الاحتجاجات 
1,أكد وزير المالية السوداني علي محمود أن عائدات البلاد المالية ستنخفض ب أكثر من الثلث ب سبب فقدان نفط الجنوب بعد الإعلان الرسمي عن انفصال الجنوب عن الشمال في 9 تموز المقبل ,عائدات السودان المالية ستقل ب أكثر من الثلث عقب انفصال الجنوب 
0,أعلنت رئاسة الحكومة البريطانية أن العقيد الليبي و أفراد عائلت ه و ك بار مسؤولي نظام ه لن يسمح ل هم ب دخول بريطانيا ل مشاهدة دورة الألعاب الأولمبية في لندن العام القادم ,لندن  القذافي و عائلت ه لن يسمح ل هم ب حضور أولمبياد 2012 
0,مقتل سبعة اشخاص السبت في هجوم انتحاري في شمال افغانستان بين هم قائد الشرطة في شمال البلاد و ثلاثة عسكريين المان ,أفغانستان  مقتل مسؤولين و إصابة قائد عسكري الماني 
1,قتل أربعة أشخاص على الأقل في انفجار أعقب ه حريق في منشأة ل تكرير النفط غربي و يلز جنوبي المملكة المتحدة ,مقتل أربعة في انفجار ب مصفاة ل لنفط غربي و يلز 
1,مسؤول عسكري باكستاني يقول إن الصين وافقت على تزويد باكستان ب خمسين طائرة حربية اضافية من طراز چ  17 ,الصين تزود باكستان ب خمسين طائرة حربية 
1,الرئيس الامريكي باراك اوباما و المستشارة الالمانية انجيلا ميركل يقولان بعد محادثات في واشنطن إن هما متفقان على وجوب تجنب الفلسطينيين التوجه الى الامم المتحدة من اجل الحصول على اعتراف دولي ب دولت هم ,أوباما و ميركل  يجب تجنب احالة قضية الاعتراف ب الدولة الفلسطينية الى الامم المتحدة 
1,بعد 25 عاما على الهوا  بثت اليوم آخر حلقات برنامج أوبرا و ينفري  صاحبة البرنامج الحواري و الاجتماعي ذائع الصيت ,بث آخر حلقة من حلقات برنامج اوبرا و ينفري 
0,قوات الحكومة الليبية تطلق يوم الثلاثا صواريخ على اهداف داخل الاراضي التونسية في تطور من المرجح ان يزيد من حدة التوتر بين البلدين ,قوات القذافي تطلق عددا من صوارخ غراد على اهداف داخل الاراضي التونسية 
0,هارولد كامبينج الذي كان قد تنبأ ب موعد القيامة يقول إن ه أخطأ ب الحسابات و إن الموعد الجديد هو 21 أكتوبر ,المذيع التبشيري  خطأ في حساب موعد القيامة و الموعد الصحيح 21 اكتوبر 
0,دمشق ترد متحدية قرار الاتحاد الأوروبي ب فرض عقوبات قيادات سورية من هم الرئيس الأسد ب القول ان سورية ستخرج من الأزمة الحالية اقوى ,دمشق  سنخرج من الازمة اقوى و اشد و الاسد سيبقى 
0,تراجعت تطورات الأحداث في سورية و ليبيا من صفحات الرأي و التحليل في الصحف البريطانية الصادرة صباح الأحد  لكنه ا ظلت حاضرة في صفحات الأخبار و التقرير ,حكايات النزوح السوري  و الجيش الاسرائيلي يرفض مهاجمة طهران 
1,تم القضا على الجدري في العالم ب شكل نهائي عام 1980  لكن المعامل المختبرية في الولايات المتحدة و روسيا تختزن عينات من الفيروس ,الولايات المتحدة تمتلك مخزون مختبري ل فيروسات الجدري 
1,شارك ما لا يقل عن 60 ألف شخص في العاصمة اليونانية أثينا في مظاهرة احتجاجا على لجو الحكومة اليونانية إلى تخفيض النفقات و زيادة الضرائب ,اليونان  مظاهرة ضخمة في أثينا احتجاجا على إجراات التقشف 
0,امرأة استرالية تقاضي حكومة بلاد ها ب سبب ما تقول إن ها خدمة قنصلية سيئة قدمت ل ها من قبل السفارة الاسترالية في الإمارات ,استرالية تقاضي حكومة بلاد ها ل فشل ها ب تحذير ها من عقوبة الزنا في الإمارات 
1,محافظ بنك إسرائيل المركزي ستانلي فيشر يعلن ترشح ه ل منصب رئيس صندوق النقد الدولي منافسا وزيرة المالية الفرنسية كريستين ل اغارد المرشحة الأوفر حظا و المكسيكي أوغستين كارستنز ,محافظ البنك المركزي الإسرائيلي يعلن ترشح ه ل رئاسة صندوق النقد الدولي 
0,مقتل 14 شخصا على الاقل و فقدان العشرات و نزوح الالاف في تدفق مياه فيضان غمر اجزا من مقاطعة قويتشو جنوب غرب الصين ,قتلى و مفقودون في فيضانات عارمة تضرب جنوب الصين بعد فترة جفاف 
0,السعودية و الامارات و الكويت تسعى ل زيادة انتاج النفط ب كمية كبيرة ل خفض الاسعار بينما بقية الاعضا لا يرون مبررا ل زيادة كبيرة في الانتاج في ظل ضعف الطلب ,بعض اعضا اوبك يحاولون زيادة انتاج ها النفطي 
0,يستضيف الرئيس الفرنسي نيكولا ساركوزي مؤتمرا يضم أقطاب جوجل و فيسبوك و ميكروسوفت و غير هم في عالم التقنية الإلكترونية ,مؤتمر ل أقطاب عالم الإنترنت في باريس 
1,أدت سحب الغبار المنبعثة من بركان في شيلي إلى تعطيل الرحلات الجوية في العديد من بلدان أمريكا الجنوبية ,الرماد البركاني يعطل الرحلات الجوية في امريكا الجنوبية 
0,كتاب جديد ل لكاتب الأمريكي ديفيد بروكس يقول ان الانسان يعتمد أكثر على عواطف ه و عقل ه الباطني ,مشاعر نا تحدد مدى نجاح نا في الحياة 
0,يجتمع الرئيس السوداني مع رئيس جنوب السودان في عاصمة إثيوبيا ل بحث قضيتي آبيي و جنوب كردفان  وفقا ل مبعوث الصين ل لشؤون الإفريقية ,البشير و سيلفا كير يجتمعان في أديس أبابا ل بحث الحدود بين شمال و جنوب السودان 
0,الاتحاد العالمي ل نقابات العمال يطالب الحكومة القطرية ب زيادة حقوق العاملين  و يقول ان اوضاع العمالة المهاجرة في الشرق الاوسط غير مقبولة ,قطر مطالبة ب تحسين حقوق العمال و هي تستعد ل كأس العالم 
0,علما يتوصلون الى تقنية جديدة تقوم على استخدام الهندسة الوراثية ل لحصول على خلية يمكن ها انتاج بروتين يشع ضوا ك ذاك الذي نرا ه في قناديل البحر المتوهجة ,خلية حية تنتج اشعة ليزر 
0,حملة القصف الجوي ضد المتعاطفين مع جنوب السودان تتسبب في معاناة مروعة بين السكان المدنيين  على حد ما تقول ه الأمم المتحدة ,السودان  معاناة شديدة ب سبب القنابل في ولاية جنوب كردفان 
0,الآلاف من أتباع رجل الدين مقتدى الصدر يشاركون في مسيرة استعراض في مدينة الصدر شرقي العاصمة العراقية بغداد ل لمطالبة ب رحيل القوات الأمريكية ,استعراض ل لصدريين ل لمطالبة ب رحيل القوات الامريكية مع انتها المدة المحددة ل ها ب نهاية العام الجاري 
0,تدخل الحملة الانتخابية في تركيا مرحلت ها الأخيرة  و حزب العدالة و التنمية الحاكم يسعى ل تحقيق أغلبية تمكن ه من تغيير الدستور ,تركيا  العدالة و التنمية نحو ولاية ثالثة في انتخابات الأحد 
1,توأم متماثل من الرهبان المسيحيين  بلغا من العمر 92 سنة  لم يفترقا طيلة فترة حيات هما  و لم يفترقا حتى عند الموت  و حتى سبب وفات هما كان واحدا  عجز القلب ,راهبان توأم عاشا معا و ماتا معا  بعد 92 سنة 
1,قال وزير الدفاع الامريكي روبرت غيتس  في ندوة ب بروكسل يوم الجمعة  إن ه يخشى من و هن قوة حلف شمال الاطلسي الناتو  ما لم يسهم الحلفا الاوربيون في زيادة الانفاق العسكري ,غيتس  أخشى من ضعف قدرة حلف الناتو 
1,المتحدث ب اسم رئيس الوزرا الإسرائيلي يقول ان اسرائيل تحمل النظام السوري كامل المسؤولية عن الأحداث العنيفة التي تقع حاليا في الجولان على الحدود السورية الإسرائيلية ,اسرائيل تتهم سورية ب افتعال احداث الجولان 
0,تقوم تركيا ب بنا معسكر جديد ل لاجئين قرب حدود ها مع سورية التي تقول إن 5 آلاف مم ن لجأوا من جسر الشغور قد عادوا الى مدينت هم ,تركيا تبني معسكرا جديدا ل لاجئين السوريين و دمشق تؤكد عودة 5 آلاف خلال اليومين الأخيرين 
0,رئيس وكالة الطاقة الدولية يقول إن لم تستطع السعودية سد الفجوة في إمدادات المعروض المطلوبة ل تلبية الطلب العالمي ف ان الوكالة ستقوم ب تنسيق عمليات إطلاق كميات من مخزونات البترول الاستراتيجية ل لدول الأعضا ,السعودية مستعدة ل اطلاق كميات من الاحتياطي الاستراتيجي من النفط 
1,أكد ناشطون سوريون تصميم هم على الاستمرار في الاحتجاجات ضد نظام حكم بشار الاسد فيما تزداد الضغوط الدولية على دمشق ل وقف العنف ضد المحتجين ,استمرار الاحتجاجات ب سورية ضد نظام بشار الاسد 
1,البنك الدولي يتعهد ب تقديم قروض ل مصر و تونس قيمت ها 6 مليار دولار في خطوة ل تعزيز الربيع العربي ,قروض من البنك الدولي ل مصر و تونس ب قيمة 6 مليارات دولار 
1,نشطا يقولون ان السلطات السعودية ألقت القبض على ناشطة سعودية يوم الاحد أطلقت حملة ل تحدي حظر على قيادة المرأة ل لسيارات في السعودية  و بثت تسجيل فيديو على الانترنت أثنا قيادت ها سيارة ,القبض على سعودية ل قيادت ها سيارة رغم الحظر المفروض 
1,الصحيفة الناطقة ب اسم الحزب الشيوعي تقول إن شركة محرك البحث غوغل تتوخى اهدافا سياسية من ورا شكوا ها الاخيرة ب وقوع اختراقات مصدر ها الصين  و تحذر الشركة من عواقب تجارية ,الصين تتهم غوغل ب الانخراط في لعبة سياسية 
0,الحكومة الفيتنامية تصدر قرارا ب شأن استدعا الاحتياط في محاولة ل تعزيز قدرات ها العسكرية ضمن نزاع على مناطق في البحر الجنوبي ,فيتنام تعزز قدرات ها القتالية وسط صراع بحري مع الصين 
0,قال عضو الكونغرس الأمريكي الذي اعترف ب إرسال صورة خليعة ل ه و هو يرتدي سروالا داخليا إلى امرأة عبر شبكة الانترنت  إن ه يرغب في الحصول على إجازة من العمل ,عضو الكونغرس انتوني و ينر يطلب تلقي العلاج بعد نشر صورة خليعة ل ه 
1,وزير خارجية إيران يعلن من الكويت إعادة سفير ي البلدين ل مركز ي عمل هما في الكويت و طهران ب أسرع وقت ممكن ,الكويت و إيران تتفقان على إعادة سفيري هما 
0,انطلق في تونس مهرجان الضحك السنوي في ظل تحرر الحياة الثقافية و الفنية في البلاد من القيود التي كانت مفروضة على حرية التعبير تحت حكم بن علي ,تونس  مهرجان ل لضحك ينتقد الرموز السياسية 
1,رئيس المجلس الوطني الانتقالي الليبي المعارض يشيد ب موقف روسيا الاخير الداعي الى تنحي الزعيم الليبي معمر القذافي عن السلطة و عرض ها التوسط ل ترتيب خروج ه من ليبيا ,المعارضة الليبية تشيد ب الموقف الروسي المطالب ب تنحي القذافي 
0,مسؤولون في المجلس الوطني الانتقالي في مدينة بنغازي يصفون الوضع الانساني في الجبل ب الكارثي  مطالبين المجتمع الدولي ب الإسراع في تأمين ممر آمن ل وصول المساعدات الإنسانية إلى المدن و القرى الليبية هناك ,المجلس الانتقالي الليبي  كارثة إنسانية في الجبل الغربي 
1,وزيرة الخارجية الأمريكية هيلاري كلينتون تقول إن الولايات المتحدة تشعر ب خيبة امل ل رفض الرئيس اليمني علي عبدالله صالح التوقيع على اتفاقية ل لتخلي عن السلطة و تحض ه على التوقيع علي ها ,واشنطن تحض صالح على قبول اتفاقية تسليم السلطة 
0,تجددت الاشتباكات بين شمال السودان و جنوب ه في منطقة أبيي الحدودية المتنازع علي ها  بينما أعربت الولايات المتحدة و الأمم المتحدة عن قلق من تواصل الاشتباكات في ولاية جنوب كردفان ,السودان  تجدد الاشتباكات المسلحة الأربعا بين الشمال و الجنوب في أبيي 
0,الشيخ خلدون رئيس مجلس إدارة نادي مانشستر سيتي حذر من التوقعات التي أشارت إلى أن النادي قد يفتح خزائن ه ب لا قيود ل شرا لاعبين جدد خلال صيف العام الحالي ,المبارك  مانشستر سيتي قد لا ينفق الكثير ل شرا لاعبين جدد هذا العام 
0,ربطت دراسة أجريت على 50 ألف شخص بين شرب القهوة و انحفاض خطر الموت جرا الإصابة ب سرطان البروستات ,القهوة قد تقلل من خطر سرطان البروستات حسب دراسة في الولايات المتحدة 
1,فرنسا تعلن عن استعداد ها ل دعوة مجلس الأمن ل لتصويت على مشروع قرار يدين دمشق على الرغم من الفيتو الروسي المحتمل ل معارضة القرار ,فرنسا مستعدة ل دعوة مجلس الامن ل لاقتراع على قرار يدين سورية 
1,مئات القتلى و الاف الجرحى سقطوا خلال الانتفاضات العربية ,انتفاضات في الدول العربية 
0,علما امريكيون يكشفون من مختبر ترعا ه ناسا في امريكا عن اثار مصرية قديمة لم تكتشف بعد عبر صور اقمار اصطناعية مزودة ب كاميرات تعمل ب الاشعة تحت الحمرا و تصور ما تحت سطح الارض ,العثور على اهرامات مصرية مفقودة عبر صور الاقمار الاصطناعية ب الاشعة تحت الحمرا 
0,لجنة شؤون الأحزاب السياسية تقرر قبول الإخطار المقدم من حزب الحرية و العدالة ب شأن تأسيس الحزب و تمتع ه ب الشخصية الاعتبارية و حق ه فى مباشرة نشاط ه السياسي ,الموافقة رسميا في مصر على اجازة حزب الحرية و العدالة اليوم الاثنين 
1,تأهل السويسري روجيه فيدرير إلى نهائي بطولة فرنسا المفتوحة ل لتنس رولان راغوس ل يلاقي غريم ه الاسباني رفائيل نادال ,فيدرير و نادال يلتقيان في نهائي رولان غاروس 
1,اشعل محمد البوعزيزي ثورة تونس التي اسقطت الرئيس بن علي  و امتدت ل مصر ل تسقط الرئيس حسني مبارك  و دارت عجلة الثورات العربية ل تسفر عن احتجاجات مستمرة ب سورية و اليمن و البحرين و ليبيا ,ثورات عربية تسقط عدد من الرؤسا 
1,احد قيادي المعارضة اليمنية يقول في تصريح خاص لبي بي سي إن المعارضة تعد ل ائتلاف وطني يحوي كل مكونات المشهد السياسي اليمني ,محمد التوكل  المعارضة اليمنية تستعد ل إعلان ائتلاف وطني 
0,يتوقع ان تصل غيمة الرماد التي انبعثت من بركان غريمسفوتن الايسلندي منذ السبت الى اسكتلندا قبل انصرام يوم الاثنين ,الرماد البركاني يبلغ الجزر البريطانية 
1,المعارضة الليبية تقول ان مقاتلي ها قد سيطروا الاثنين على بلدة يفرن الجبلية التي كانت خاضعة ل سيطرة كتائب القذافي  و اصوات انفجارات تهز طرابلس مسا الاثنين ,ليبيا  انفجارات في طرابلس و المعارضة تقول ان ها سيطرت على بلدة يفرن 
1,الولايات المتحدة تجدد مناشدت ها ل لسلطات السورية ب الكف عن قمع ها ل لاحتجاجات المناوة ل نظام الرئيس بشار الأسد  و النقابات السورية تنظم مظاهرة في حماه ,سورية  واشنطن تجدد مناشدت ها ل لسلطات السورية ب الكف عن قمع الاحتجاجات 
1,ثمانية و أربعين شخصا سيواجهون المحاكمة على مشاركت هم في المصادمات العنيفة بين المسلمين و المسيحيين في مصر الشهر الماضي ,مصر  محاكمة ثمانية و أربعين شخصا ب سبب الصدامات الطائفية 
1,شهد عدد من المدن و المناطق السورية تظاهرات عقب صلاة الجمعة  و شملت الاحتجاجات دير الزور و دمشق و حمص و حلب و منطقة الجزيرة شمال شرق البلاد ,تظاهرات في مختلف انحا سورية عقب صلاة الجمعة 
1,وزير الدفاع البريطاني ينفي تصريح وزير الدفاع الفرنسي ب ان بريطانيا ستفعل مثل فرنسا و تنشر مروحيات ها الهجومية في ليبيا ,خلاف فرنسي بريطاني حول نشر مروحيات هجومية في ليبيا 
0,انبا عن صدامات عنيفة بين القوات الحكومية و مسلحين في مدينة تعز اليمنية  و مقتل عدد من الاشخاص في صدامات ب زنجبار ,اليمن  مقتل 19 شخصا في صدامات مسلحة ب محافظات الجنوب 
0,حملة قانونية ضد الخصخصة في مصر تسعى ل استعادة ما تم بيع ه من اصول الدولة ل لقطاع الخاص ,دعاوى ل استرداد شركات من القطاع الخاص 
0,عشرات الأطبا و الممرضين الذين عالجوا المحتجين الجرحى خلال الاحتجاجات التي شهدت ها البحرين يمثلون أمام المحكمة بعد اتهام هم رسميا ب محاولة قلب نظام الحكم الملكي ,البحرين  محاكمة 47 طبيبا و ممرضا 
1,الشرطة الأسبانية أعلنت أن ها أحبطت تنفيذ صفقة غير مشروعة ل بيع تسع طائرات مروحية عسكرية ل إيران و اعتقلت ثمانية أشخاص و ذلك تنفيذا ل لعقوبات التي فرضت ها الأمم المتحدة على إيران ب سبب برنامج ها النووي ,أسبانيا تحبط صفقة غير مشروعة ل بيع مروحيات عسكرية ل إيران 
0,الحكومة التونسية الانتقالية تعلن ان ها قررت الابقا على تموز موعدا ل انتخاب المجلس الوطني التأسيسي ,الحكومة التونسية تؤكد ان الانتخابات في موعد ها ب تاريخ 24 تموز 
1,رئيس البعثة الليبية في مجلس حقوق الإنسان التابع ل لأمم المتحدة ينفي قيام القوات المؤيدة ل نظام القذافي ب ارتكاب جرائم حرب و يتهم قوات الناتو و المجلس الانتقالي ب انتهاك حقوق الشعب الليبي ,نظام القذافي ينفي ارتكاب قوات ه جرائم حرب 
0,عشية انطلاق حملة النسا يقدن سيارات هن تطالب منظمة أمنستي السعودية ب الكف عن معاملة النسا ك مواطنات من الدرجة الثانية و السماح ل هن ب قيادة السيارات ,العفو الدولية تطالب السعودية ب السماح ل لنسا ب قيادة السيارات 
1,السلطات المصرية تلقي القبض على إسرائيلي يشتبه ب قيام ه ب أعمال تجسسية و محاولة تجنيد شباب مصري ل لعمل ضد الحكم بعد تنحي الرئيس السابق حسني مبارك ,مصر  إلقا القبض على جاسوس إسرائيلي 
1,التلفزيون الصربي الحكومي يعتذر عن الدعاية التحريضية التي كان يبث ها في تسعينات القرن الماضي و التي ساعدت في اشعال فتيل حروب البلقان في تلك الفترة ,التلفزيون الصربي يعتذر عن دور ه المحرض في التسعينيات 
0,علما فلكيون يكشفون أن انفجارا هائلا ل نجم كبير ب القرب من حافة الكون التي يمكن رصد ها قد يكون هو الشي الوحيد الأكثر بعدا عن الأرض ,علما فلك  رصد انفجار نجم هائل يحطم الرقم القياسي ل أبعد نقطة في الكون  و الذي تم اكتشاف ه حتى الآن ب واسطة منظار 
0,هاجمت القوات السورية قريتين ب القرب من مدينة جسر الشغور مم ا أدى إلى فرار العشرات إلى التركيا  حسب ما أكد ناشطون و شهود عيان ,الجيش السوري يهاجم قريتين ب القرب من الحدود اليوم الخميس 
0,في اطار جهود الحكومة الصينية ل وقف غليان اسعار العقار و ارتفاع التضخم تراجع حجم القروض من البنوك الصينية ,تراجع اقراض البنوك الصينية الشهر الماضي مع استمرار سياسة الحكومة ل ضبط التضخم 
0,علمت بي بي سي أن الحكومة البريطانية ستدعم التطور الاقتصادي و السياسي في شمال افريقيا و الشرق الأوسط ب مبلغ 110 مليون جنيه استرليني ,110 مليون جنيه من بريطانيا ل دعم الربيع العربي 
0,في سياق بطئ تعافي الاقتصاد الياباني من اثر الزلزال  تراجعت طلبيات الالات ل لمصانع و الشركات اليابانية في ابريل ,تراجع طلبيات الالات في اليابان ب سبب نقص الكهربا و التسونامي 
1,مصادر طبية فلسطينية تؤكد إصابة 12 عاملا فلسطينيا ب انقلاب مركبتين طاردت هما القوات الجيش الاسرائيلي جنوب الخليل  و إسرائيل تقول إن الإصابة ناجمة عن حادث سير ,إصابة عمال فلسطينيين في حادث سير بعد مطاردة القوات الإسرائيلية 
0,خطاب كتب ه الزعيم النازي الألماني هتلر  عرض في نيويورك ل لمرة الأولى  و يتضمن ما يعتقد أن ه التعبير الاولي من الزعيم النازي عن كراهيت ه ل ليهود ,خطاب ل أدولف هتلر في شباب ه يكشف نوايا ه المبكرة ضد اليهود 
1,رئيس الوزرا الباكستاني يتعهد ل لرئيس الافغاني ب دعم جهود السلام و المحادثات بين حكومة كرزا ي و حركة طالبان ,باكستان تتعهد ب دعم جهود السلام في افغانستان 
1,طفل و امرأة هما بين 23 متظاهرا الذين قتلوا الأحد ب نيران الجيش الإسرائيلي في هضبة الجولان السورية في الذكرى السنوية 44 ل حرب عام 1967  و المعروفة ب يوم النكسة ,احتجاجات ب ذكرى النكسة و مقتل 23 متظاهرا بين هم طفل و امرأة 
0,المأذونون الشرعيون يقررون الانضمام إلى الفئات المهنية التي قررت اللجو إلى الإضرابات و الاعتصامات ك وسيلة ل تحقيق مطالب ها و يمنحون الحكومة مهلة ل تنفيذ مطالب هم ,المأذونون الشرعيون يهددون ب الانضمام إلى المضربين في مصر 
0,قال رجل الأعمال و الملياردير المصري القبطي نجيب ساويرس إن مصر على حافة الإفلاس و تحتاج ب شكل عاجل إلى مساعدات مالية ,نجيب ساويرس يؤكد حاجة مصر الى 12 مليار دولار 
0,قال دوق ادنبره و زوج الملكة اليزابيث الثانية ملكة بريطانيا ان ه سيخفف من واجبات ه الوظيفية ب وصف ه احد ابرز اعضا الاسرة المالكة في البلاد ,الامير فيليب يعلن رغبت ه في تقليص دور ه الوظيفي ل كبر السن 
1,رئيس المجلس الوطني الانتقالي الليبي المعارض يقول ان استخدام المروحيات الحربية في عمليات الناتو في ليبيا  قانوني و وارد في القرار الدولي 1973 ,المعارضة الليبية  استخدام الناتو ل لمروحيات قانوني 
1,باحثون يسجلون رقما قياسيا جديدا في نقل البيانات عبر استخدام الليزر ب معدل 62 ترليون ب ايت في الثانية ,الليزر يسجل الرقم القياسي في نقل البيانات 
1,سجل السائق تانر ف اوست رقما قياسيا عالميا في القفز ب عربة رباعية الدفع بعد ان قفز ب سيارة ل مسافة 332 قدما ,رقم قياسي عالمي في القفز ب عربة رباعية الدفع 
0,أضحت المدينة التي قتل في ها أسامة بن لادن على يد القوات الأمريكية محل اهتمام وسائل الاعلام  و تأكد سكان ها من مقتل بن لادن بعد اعتراف تنظيم القاعدة ب ذلك ,مدينة أبوت اباد حيث قتل بن لادن محط أنظار وسائل الاعلام 
1,ترصد مراسلة بي بي سي في مدريد ثورة الشباب الإسبان الذين اختاروا تحدي قرار مفوضية الانتخابات القاضي ب حظر اعتصام هم و مواصلة حركة احتجاج هم ,الشباب الإسبان يتحدون السلطات رغم حظر الاعتصام 
0,عقد في القاهرة اللقا الأول بين ممثلين عن المجلس الأعلى ل لقوات المسلحة و حوالي ألف شخص يمثلون عددا من الفصائل الشبابية التي ظهرت منذ اندلاع الثورة ,مصر  اول لقا بين شباب الثورة و المجلس العسكري الحاكم 
0,أعلن رئيس الاتحاد الأوروبي ل كرة القدم اختيار استاد و يمبلي في لندن ل إستضافة المباراة النهائية ل دوري أبطال أوروبا ل كرة القدم العام 2013 ,ميشيل ب لاتيني  ملعب و يمبلي يستضيف نهائي دوري أبطال أوروبا 2013 
1,وكالة رويترز تقول إن تقريرا وضع ه خبرا من الأمم المتحدة توصل الى أن هناك تعاونا بين كوريا الشمالية و إيران في مجال الصواريخ البالستية ,تعاون بين إيران و كوريا الشمالية في مجال الصواريخ البالستية 
0,مرشحوا الحزب الجمهوري الأمريكي ل انتخابات الرئاسة الأمريكية يوجهون انتقادات واسعة ل لسجل الاقتصادي ل لرئيس باراك أوباما في أول مناظرة تلفزيونية كبرى في حملة الانتخابات ,سباق الرئاسة الأمريكية 2012  7 مرشحون جمهوريون يوجهون انتقادات كبيرة لأوباما في أول مناظرة كبرى 
1,استؤنفت بعض الرحلات الجوية في أمريكا الجنوبية التي كانت قد الغيت من قبل ب سبب سحب الرماد التي يقذف ها بركان شيلي ,استئناف بعض الرحلات الجوية الملغاة ب سبب الرماد البركاني 
1,قوات الامن الافغانية تشن هجوما على مقر شرطة المرور في خوست شرق افغانستان  حيث يتحصن انتحاريون منذ الصباح ,خوست  قوات الأمن تداهم مقر ل لشرطة يتحصن في ه انتحاريون 
1,ستاندرد اند بورز تخفض التصنيف الائتماني ل ليونان ثلاث نقاط و تحذر من ان البلاد قد تتخلف مجددا عن سداد ديون ها وسط مشاكل تطبيق الاتفاق مع الاتحاد الاوروبي و صندوق النقد الدولي ,تخفيض التصنيف الائتماني ل ليونان و تحذير من تخلف جديد عن سداد الديون 
0,أعلن التلفزيون السوري الخميس أن ابن خال الرئيس بشار الأسد و أحد كبار رجال الأعمال السوريين قرر ترك التجارة و التحول إلى العمل الخيري ,سورية  رامي مخلوف يترك التجارة و يتجه إلى العمل الخيري 
0,قضت محكمة إسرائيلية ب السجن مدى الحياة ب تهمة القتل على جد و والدة طفلة عمر ها أربعة أعوام عثر على جثت ها ملقاة في نهر في تل أبيب عام 2008 ,إسرائيل  السجن مدى الحياة ل جد قتل حفيدت ه ب تحريض من أم ها 
0,أعلن نائب رئيس نادي الوصل الاتفاق مع نجم كرة القدم الارجنتيني دييغو مارادونا ل تدريب فريق ه في الموسم المقب ,مروان بن بيات  مارادونا يدرب الوصل الإماراتي 
1,يستعد وزرا الزراعة في دول الاتحاد الأوروبي ل عقد مباحثات ل مناقشة أزمة إي  كولاي  بينما تتواصل الجهود العلمية ل تحديد مصدر الوبا الذي أدى إلى مقتل 22 شخصا حتى الآن ,الاتحاد الأوروبي  اجتماع وزاري ل مناقشة أزمة وبا إي  كولاي 
0,محاولات نتنياهو ل تنجب الصدام العلني مع الرئيس اوباما و خلافات و تباينات في صفوف المعارضة السورية و محاولات البحرين ل تطبيع اوضاع ها الداخلية هي من بين قضايا الشرق الاوسط في الصحف البريطانية ,الصحف البريطانية  تطبيع الاوضاع في الشرق الاوسط 
0,فيما يتعافى الرئيس صالح في السعودية  حزب ه الحاكم يبدأ محادثات سياسية مع تحالف المعارضة ,محادثات سياسية بين الحزب الحاكم و المعارضة في اليمن 
0,رئيس حكومة حماس المنتهية ولايت ها في قطاع غزة يصاب في كاحل ه اثنا مشاركت ه في معسكر تدريبي ل لاعبين المخضرمين ,اصابة اسماعيل هنية في مباراة كرة قدم 
0,الرئيس الأمريكي باراك أوباما أعرب عن تمسك ه ب أن تكون حدود عام 1967 أساسا ل لاتفاق ل لسلام في الشرق الأوسط في خطاب ه أمام آيبا ك ,أوباما متمسك ب رؤيت ه ل لسلام في فلسطين 
1,المبعوث الامريكي الخاص برورت كينغ يبدأ ب رفقة فريق من الخبرا زيارة الى كوريا الشمالية الثلاثا ل تقييم شدة نقص الغذا في هذا البلد ,وفد امريكي في كوريا الشمالية ل تقييم ازمة الغذا 
0,تم الاعلان في لبنان عن تشكيل الحكومة اللبنانية الجديدة ب رئاسة نجيب ميقات ي ب موجب مراسيم صدرت عن رئيس الجمهورية ميشال سليمان  و تم في ها اعتبار حكومة تصريف الاعمال ب رئاسة سعد الحريري حكومة مستقيلة ,بعد خمسة شهور من الجمود  نجيب ميقات ي يشكل حكومة جديدة ل لبنان 
1,شركة نينتيدو عملاق صناعة الألعاب الاكترونية تكشف عن جهاز ها الجديد من لعبة وي في معرض إي 3 في لوس انجلس ب الولايات المتحدة ,نينتيندو تكشف عن جهاز العاب وي الجديد 
0,مدينة كرايستشيرش النيوزيلندية  التي ضرب ها زلزال قوي في شباط الماضي اودى ب حياة 181 شخصا  تتعرض ل سلسلة من الهزات الجديدة يوم الاثنين تؤدي الى اضرار مادية و عدد محدود من الاصابات ,زلزال ب قوة 6 درجات يضرب مدينة كرايستشيرش النيوزيلندية 
0,مفوض الصحة ب الاتحاد الأوروبي أعلن أن تفشي الإصابة ب بكتريا إي  كولاي المعوية أصبح الآن محصورا من الناحية الجغرافية في شمال ألمانيا ,الاحتياطات في قضية تفشي بكتريا إي  كولاي في عموم العالم غير ضرورية 
0,الرئيس الأمريكي باراك أوباما يزور بولندا في المرحلة الأخيرة من جولت ه الأوروبية و يلتقي في ها ب زعما وسط و شرقي أوروبا الأعضا في الاتحاد الأوروبي ,أوباما يزور بولندا ل تعزيز العلاقات بين البلدين 
1,ضم نادي سندرلاند الانجليزي ب شكل نهائي لاعب المنتخب المصري ل كرة القدم أحمد المحمدي ل مدة ثلاث سنوات ,نادي سندرلاند الانجليزي يتعاقد مع المصري أحمد المحمدي ل ثلاث سنوات 
1,محكمة بريطانية تحكم على اربعة شبان مسلمين ب السجن ل اعتدائ هم ب الضرب على مدرس تربية دينية لم يوافقوا على ان يدرس البنات المسلمات ,الحكم ب السجن على الشبان المسلمين الذين اعتدوا على مدرس الدين 
1,القوات الموالية ل لزعيم الليبي تقصف بلدة الدفنية الواقعة غربي مدينة مصرات ه و تقتل 30 شخصا اغلب هم من مقاتلي المعارضة ,مقتل 30 شخصا في قصف ل قوات القذافي على الدفنية 
1,واشنطن تقول إن ها تجري اتصالات مع شخصيات سورية في الداخل و الخارج تسعى من أجل التغيير  و أنقرة و الأمم المتحدة تدعوان دمشق إلى وقف العنف ,واشنطن تجري اتصالات ب شخصيات سورية و الأمم المتحدة تدعو دمشق إلى وقف أعمال القتل 
1,أكد الرئيس الأمريكي باراك أوباما في خطاب ه أمام البرلمان البريطاني أن بلاد ه و بريطانيا تقفان إلى جانب الساعين ل لحصول على الحرية في الشرق الأوسط ,أوباما أمام البرلمان البريطاني  أمريكا و بريطانيا تساندان الساعين ل لحرية في الشرق الأوسط 
0,قتل شخص واحد على الأقل و أصيب آخرون في مدينة ما يسور ب ولاية كارناتاكا و الجاني فيلان غير مستأنسين ,فيلان بريان يبثان الرعب في قلوب سكان مدينة هندية 
1,يشهد المغرب تظاهرات يقود ها مجموعة من الشبان اطلقوا على انفس هم حركة 20 فبراير تطالب ب تغييرات جذرية في البلاد من بين ها اعتماد نظام الملكية الدستورية و تقييد سلطات الملك ,المغرب  حركة 20 فبراير تطالب ب اعتماد الملكية الدستورية 
1,اتفق القادة الأفارقة الأحد على بد مفاوضات ل تأسيس منطقة ل لتجارة الحرة يتوقع أن تضم 26 دولة و تمتد من القاهرة إلى كيب تاون ,القادة الأفارقة يتفقون على بد مفاوضات ل انشا منطقة تجارة حرة 
1,النائب العام في نيويورك يستدعي مسؤولي مصرف غولدمان ساكس ل لاستثمارات المالية ل لاستجواب حول ادا المصرف قبيل حدوث الأزمة المالية العالمية ,تحقيقات جديدة ب شأن دور غولدمان ساكس في الأزمة المالية 
1,كرواتيا تقترب من استكمال مباحثت ها مع الاتحاد الأوروبي ب شأن شروط انضمام ها إلي ه في حين قالت جارت ها هنغاريا إن استيفا هذه المباحثات قد يحدث في شهر تموز المقبل ,كرواتيا تستكمل معظم مباحثات شروط الانضمام إلى الاتحاد الأوروبي 
1,وزير الصحة الألماني قال ان هناك ما يدعو ل لتفاؤل الحذر ب بد انحسار عدوى الإي  كولاي ,ألمانيا متفالة ب بد انحسار عدوى الإي  كولاي 
1,الشرطة التركية تلقي القبض في مدينة أضنة على 10 أشخاص ب شبهة صلت هم ب تنظيم القاعدة  و تقول إن تسعة من المشتبه ب هم اعتقلوا في سلسلة غارات جرى تنفيذ ها في وقت واحد ,تركيا  اعتقال 10 أشخاص في أضنة ب شبهة الانتما ل تنظيم القاعدة 
1,مبعوثون أمميون يقولون إن مسودة القرار الذي اقترحت ه فرنسا و بريطانيا و المانيا و البرتغال على مجلس الأمن الدولي ل إدانة سورية تواجه ب معارضة شديدة من روسيا ,معارضة روسية ل قرار يدين سورية في مجلس الأمن 
0,مسح ل لشركات يكشف عن زيادة كبيرة في عدد الشركات التي تعتمد على الصين ل لنمو  خاصة من ها الشركات التي تشكو من السياسات الصينية ,الشركات الاوروبية تزيد استثمارات ها في الصين رغم الشكوى من الاجراات 
1,علما بريطانيون يتوصلون الى دوا يجعل عضلة القلب تصلح نفس ها في حالة الاصابة ب جلطة ب ما يمنع عجز القلب ,دوا جديد يجعل القلب يصلح اضرار الازمات القلبية 
1,طرحت شركة ألعاب فيديو لعبة جديدة تتيح ل لاعبين محاكاة الهجوم الذي شنت ه القوات الأمريكية على زعيم تنظيم القاعدة أسامة بن لادن و أسفر عن مقتل ه ,لعبة فيديو أمريكية تحاكي عملية قتل بن لادن 
1,الرئيسة البرازيلية ديلما روسيف تعلق انتاج و توزيع افلام التربية الجنسية في المدارس البرازيلية ,رئيسة البرازيل تعلق مواد تدريس التربية الجنسية 
1,السلطات العراقية منعت سفينة تحمل على متن ها مساعدات طبية من الابحار ب اتجاه البحرين  ب حسب ما افاد احد اعضا اللجنة المنظمة ,العراق يمنع سفينة مساعدات من الإبحار الى البحرين 
1,صندوق النقد الدولي يقول ان بريطانيا ليست ب حاجة ل تغيير في سياست ها الاقتصادية لكن ه خفض توقعات النمو ل هذا العام الى 15 في المئة من 2 في المئة سابقا ,صندوق النقد الدولي يخفض توقعات ه ل نمو الاقتصاد البريطاني 
0,حذر رئيس الكنسية الأنجليكانية من تعاظم تيارات متطرفة في الشرق الأوسط  تحاول أن تحول الربيع العربي إلى أوقات عصيبة على المسيحيين ,الدكتور روان ويليامس  مسيحيو الشرق الأوسط يواجهون خطر التعصب 
0,حركة طالبان الأفغانية  قررت الاعتماد على شبكات التواصل الاجتماعي ب درجة أكبر و استخدام ها في توصيل رسائل ها إلى العالم ,طالبان تستخدم تويتر ل لتواصل عبر شبكة الإنترنت 
0,وفد ب رئاسة نائب رئيس حكومة جنوب السودان في الخرطوم ل لبحث في عدد من المسائل المهمة ,وفد من حكومة جنوب السودان ب الخرطوم ل لتباحث حول ابيي 
1,وزير المالية الألماني يقول إن حزمة المساعدات المخصصة ل ليونان غير كافية  مضيفا أن هناك خطرا حقيقيا ل تتخلف عن سداد ديون ها إذا لم يفرج عن الموارد المالية قريبا ,وزير المالية الألماني  اليونان تحتاج إلى حزمة مساعدات جديدة 
1,اشتباكات عنيفة في لحج بين قوات الأمن و مسلحين مجهولين و تواصل التحركات الأمريكية و الخليجية و الأوروبية في الرياض و صنعا ل نقل السلطة سلميا ب شكل فعلي ل نائب الرئيس عبد ربه منصور ,اليمن  اشتباكات في لحج و تحركات دولية ل نقل السلطة إلى نائب الرئيس 
1,مصادر يمنية نفت ما اعلنت ه مصادر طبية عن ان الرئيس اليمني قد غادر البلاد ل لعلاج  و ربما ب شكل نهائي  فيما نقل كبار المسؤولين ل لسعودية ل لعلاج ,مصادر يمنية تنفي مغادرة الرئيس البلاد 
0,راقب العلما ل لمرة الأولى نشاط العقل البشري و هو يغيب عن الوعي ,تمكن العلما من اخذ صور ل لدماغ و هو يغيب عن الوعي 
0,بدأ موسم الإنتاجات السينمائية الضخمة في هوليوود  و من بين ها الجز الجديد من فيلم X  Meن  و الذي يعتمد على فكرة البطل الخارق ,موسم الإنتاجات الضخمة في هوليود يفتتح ب أربعة أفلام 
0,وزير شؤون مجلس الوزرا في حكومة السودان الوطنية لوكا بيونق دينق يعلن استقالت ه من منصب ه احتجاجا على ما وصف ه ب جرائم حرب ارتكبت في منطقة أبيي المتنازع علي ها بين شمال السودان و جنوب ه ,السودان  استقالة وزير جنوبي احتجاجا على الوضع في أبيي 
0,وزير الخارجية البريطاني وليام هيغ و نظير ه في التنمية الدولية أندرو ميتشيل يزوران بنغازي ل اجرا محادثات مع قادة المعارضة ,وفد بريطاني هام يزور معقل المعارضة الليبية 
1,الحكومة الاسرائيلية تنفي يوم الثلاثا ان يكون إيلان غرابيل  المواطن الاسرائيلي الذي اعتقلت ه السلطات المصرية في القاهرة ب تهمة التجسس احد جواسيس ها ,اسرائيل تنفي ان يكون غرابيل المعتقل في القاهرة جاسوسا 
0,رئيس وزرا العراق يعتزم تخفيض عدد الوزرا و تحقيق المزيد من وضوح الاختصاصات في عمل الوزارات حسب ما ذكرت مصادر رسمية و برلمانية في العراق ,نوري المالكي يدرس تخفيض عدد الوزرا في الحكومة العراقية 
1,تعتبر الوحدة الخاصة الأميريكية المعروفة ب اسم نيف ى سيل من أقوى الوحدات الأميريكية العسكرية التى تكلف ب تنفيذ مهام خاصة و هى الوحدة الى قامت ب تنفيذ عملية قتل أسامة بن لادن ,نيف ى سيل وحدة القوات الخاصة التى قتلت بن لادن 
1,انبا عن استئناف ضخ الغاز المصري الى اسرائيل و الاردن و استمرار المفاوضات بين القاهرة و عمان على تسعير جديد ,مصر تستأنف تصدير الغاز الى اسرائيل و الاردن 
1,حسن شحاتة  المدير الفنى ل لمنتخب الوطني المصري ل كرة القدم يقدم استقالت ه رسميا بعد خروج الفريق من التصفيات المؤهلة ل بطولة أمم أفريقيا 2012 عقب التعادل السلبى مع جنوب أفريقيا مسا الأحد ,استقالة حسن شحاته مدرب المنتخب المصري ل كرة القدم 
0,مسؤول حكومي يمني يقول ان الرئيس اليمني ب صحة جيدة  و سيلقي كلمة قريبا  الا ان التلفزيون الرسمي نفى نبأ القا الكلمة  بعد ان قصف القصر الجمهوري ب المدفعية ,تضارب الانبا حول الرئيس اليمني 
0,خصصت صحيفة الاندبندنت غلاف ها الخارجي ل لشأن السوري و نشرت مجموعة من الصور عم ا تشهد ه المدن السورية من احتجاجات و مظاهرات ضد حكم الرئيس بشار الاسد مع مقال ل كبير مراسلي ها عم ا يسمي ه المرحلة الجديدة و الخطيرة التي دخلت ها سورية مؤخرا ,الاندبندنت  الشعب ضد الرئيس و الاحتجاجات تتحول الى عصيان مسلح في سورية 
1,العشرات من اليمنيين يلقون حتف هم في الاشتباكات التي تواصلت في العاصمة صنعا الليلة الماضية بين القوات الحكومية و أنصار الزعيم القبلي المعارض الشيخ صالح الأحمر ,اليمن  مقتل العشرات في تواصل الاشتباكات بين القوات الحكومية و أنصار زعيم قبلي 
0,حزب العدالة و التنمية الحاكم الذي يتزعم ه رئيس الوزرا التركي رجب طيب أردوغان يتجه ل تحقيق فوز في الانتخابات النيابية  إذ فاز ب نسبة 507 في المئة من الاصوات بعد فرز 90 في المئة من بطاقات الانتخاب ,الانتخابات التركية  العدالة و التنمية يتجه ل لفوز  و لكن ب اغلبية اصغر من التي يتمتع ب ها حاليا 
0,في اول عملية بعد الانتخابات البرلمانية  القوات التركية تقتل ثلاثة من مقاتلي الاكراد في منطقة بعيدة عن منطقة القتال الاساسية بين الجيش التركي و المتشددين الاكراد ,القوات التركية تقتل ثلاثة من مقاتلي حزب العمال الكردستاني 
1,توصلت موسكو و باريس إلى اتفاق تشتري روسيا ب موجب ه أربع سفن حربية فرنسية ب قيمة إجمالية تفوق ملياري دولار ,روسيا تشتري سفنا حربية فرنسية ب أكثر من ملياري دولار 
1,السلطات الصومالية تعلن مقتل وزير الداخلية عبد الشكور شيخ حسن في تفجير انتحاري داخل منزل ه نفذت ه ابنة أخي ه ,مقتل وزير الداخلية الصومالي في تفجير انتحاري ب يد قريبت ه 
0,الكبش النيوزيلندي شريك الذي اشتهر ب سبب قدرت ه على تجنب الجزازين  فارق الحياة و كان البعض في نيوزيلندة ينظر الي ه ب وصف ه ايقونة وطنية ,حداد على كبش اصبح رمزا وطنيا 
0,وزير الخارجية الليبي يتوجه الى بكين هذا الاسبوع فيما زار دبلوماسيون مصريون بنغازي و التقوا ممثلي المجلس الوطني الانتقالي المعارض في ليبيا ,وزير خارجية ليبيا يزور بكين و الصين تحاور المعارضة الليبية 
1,مسؤولون امريكيون يقولون أن هم امروا ب إجرا مراجعة أمنية بعد تمكن قراصنة كومبيوتر من اختراق موقع احد اعضا مجلس الشيوخ الامريكي الاسبوع الماضي ,السلطات الامريكية تأمر ب مراجعة امنية بعد قرصنة موقع احد اعضا مجلس الشيوخ 
1,الاتحاد الدولي ل كرة القدم فيفا سيبدأ في تحقيقات ب شأن مزاعم عن دفع رشاوى ل أربعة من كبار المسؤولين في ه و من بين هم جاك و ارنر نائب رئيس الفيفا و المرشح ل رئاسة الفيفا محمد بن همام ,تحقيقات في اتهامات ب الرشوة ل مسؤولين في الفيفا بين هم بن همام 
0,شركة طيران ل وفتهانزا الألمانية قررت إلغا عدد من رحلات ها إلى شرق أفريقيا ب سبب سحابة الدخان المتصاعد من بركان داب ي ,شركة ل وفتهانزا تلغي رحلات ها نتيجة ل بركان شرق أفريقيا 
1,قال وزير في حكومة جنوب السودان إن 150 ألف شخص فروا من منطقة أبيي الحدودية بعد اجتياح ها من قبل جيش شمال السودان في 21 من أيار الجاري ,حكومة جنوب السودان  150 ألف شخص فروا من أبيي بعد هجوم القوات الشمالية 
1,قادة مجموعة الثماني يبدأون الخميس قمة في مدينة دوفيل الساحلية ب فرنسا على مدى يومين في ظل بروز قوى اقتصادية عالمية فرضت نفس ها على المشهد العالمي ك الهند و الصين ,الهند و الصين تفرض نفس ها على قمة مجموعة الثماني 
1,باحثون امريكيون يقولون ان المواد الكيماوية التي تعيق شم البعوض ل رائحة الانسان يمكن ان تستخدم ك طارد ل لبعوض ,المواد الكيماوية ذات الرائحة تطرد البعوض 
1,انكب اهتمام الصحف البريطانية ب صفة خاصة على الشأن الداخلي في سياق ما انكشف من أمر مؤامرة دبرت داخل حزب العمال من أجل الإطاحة ب توني بلير رئيس الوزرا السابق زعيما ل لحزب ,مؤامرة داخل حزب العمال من أجل الإطاحة ب توني بلير 
1,وزيرة الخارجية الأمريكية هيلاري كلينتون صرحت فور وصول ها إلى باكستان ب أن ه لا يوجد دليل يشير إلى تورط كبار المسؤولين الباكستانيين في توفير الحماية ل زعيم تنظيم القاعدة أسامة بن لادن ,كلينتون لا دليل على ضلوع باكستان في حماية بن لادن 
1,مصادر فلسطينية تقول إن مجموعة من المستوطنين الاسرائيليين حرقت مسجد بلدة المغير الكبير الواقع في منطقة شمال شرقي رام الله  و شهود عيان يقولون إن المهاجمين كتبوا على جدران المسجد المحترق شعارات مناهضة ل لعرب و المسلمين ,رام الله  مستوطنون إسرائيليون يحرقون مسجد بلدة المغير الكبير 
0,تجدد القصف المدفعي على منزل الشيخ صادق الاحمر و سقوط عدة قذائف هاون على معسكر الفرقة المدرعة الأولى ليل الاحد و الرئيس اليمني يخضع ل عمليتين جراحيتين ناجحتين ,اليمن  تجدد القصف في صنعا و صالح يخضع ل جراحة ناجحة في السعودية 
1,الوكالة الدولية ل لطاقة الذرية تعقد اجتماعا ل مجلس امنائ ها وسط ضغوط امريكية و غربية ل اجبار ها على اصدار توبيخ ل سورية حول برنامج ها النووي المزعوم ,ضغوط غربية على الوكالة الدولية ل لطاقة الذرية ل توبيخ سورية 
1,تعهد ملك الأردن عبد الله الثاني الأحد ب أن تشكل الحكومات المقبلة في البلاد على اساس الأغلبية النيابية الحزبية ,الأردن  الملك عبد الله يتعهد ب تشكيل حكومة على أساس الأغلبية النيابية الحزبية 
1,السلطات الألمانية تعلن اسئتناف الرحلات الجوية من مطارات ها ب شمال البلاد بعد توقف ها ب سبب الرماد البركاني المنبعث من بركان غريمسفوتن في ايسلندا ,استئناف الرحلات الجوية في مطارات ألمانيا بعد توقف ها ب سبب الرماد البركاني 
1,دول الاقتصادات الصاعدة الرئيسية بريكس تتحد في ابدا انزعاج ها من طريقة اختيار خلف ل رئيس صندوق النقد الدولي المستقيل ,دول بريكس تبدي انزعاج ها من طريقة اختيار رئيس صندوق النقد الدولي 
1,أكد رئيس الأركان الأمريكي مايكل مولن أن عزلة الزعيم الليبي العقيد معمر القذافي تزداد  و من جهت ه أكد الرئيس الروسي أن بلاد ه سترسل مبعوثا خاصا إلى طرابلس و بنغازي ل لقيام ب وساطة في النزاع الليبي ,واشنطن تقول إن عزلة القذافي تزداد و موسكو ترسل مبعوثا إلى ليبيا 
0,رئيس الاتحاد الدولي ل كرة القدم يقول إن ه لا ينوي اجرا تحقيق في الظروف المحيطة ب فوز قطر ب شرف استضافة نهائيات كأس العالم  و لكن ه لن يمنع لجنتي الاخلاقيات و الحلول من التحقيق في الموضوع ,بلاتر  الفيفا لا تنوي اجرا تحقيق في ظروف فوز قطر ب كأس العالم 2022 
1,أصر رئيس الاتحاد الدولي ل كرة القدم سيب بلاتر على ان الاتحاد لا يعاني من أزمة  رغم الضرر الكبير الذي اصاب سمعت ه جرا تهم الفساد التي وجهت ل عدد من كبار مسؤولي ه ,سيب بلاتر ينفي ان يكون الاتحاد الدولي ل كرة القدم في أزمة 
0,البريطاني اندي موراي يحرز لقب دورة كوينز الدولية ل لتنس التي أقيمت في لندن بعد فوز ه على الفرنسي جو و يلفريد تسونغا المصنف الخامس على البطولة ب ثلاث مجموعات في المباراة النهائية ,البريطاني موراي يفوز ب بطولة كوينز ل لتنس و يستعد ل ويمبلدون 
0,رئيس وزرا سنغافورة يقول امام المنتدى الاقتصادي العالمي ل شرق اسيا في جاكرتا ان ه لا يريد رؤية ارتفاع سريع في قيمة اليوان الصيني و انما زيادة تدريجية ,تفاؤل اقتصادي اسيوي و تحذير من ارتفاع قيمة اليوان ب سرعة 
0,أفادت مصادر دبلوماسية من العاصمة الاثيوبية أديس ابابا أن الرئيس السوداني وافق على سحب القوات الشمالية من المنطقة المتنازع علي ها قبل انفصال الجنوب في 9 تموز المقبل ,أنبا عن موافقة عمر البشير على الانسحاب من أبيي 
1,اعلن في بيروت عن تشكيل حكومة لبنانية جديدة ب رئاسة نجيب ميقاني و ذلك بعد خمسة شهور من تكليف ه ب تشكيل الحكومة ,اعلان الحكومة اللبنانية الجديدة 
0,أجلت محكمة عسكرية بحرينية محاكمة اطبا اعتقلوا اثنا الحملة ضد المحتجين المناهضين ل لحكومة بعد ان شكا محامو هم من تعرض هم ل لتعذيب ,محاكمة أطبا و ممرضين في البحرين 
0,يقدر عدد النازحين إلى تركيا هربا من احداث العنف في سورية ب نحو 1600 شخصا و مفوضية حقوق الإنسان في الأمم المتحدة تدعو الحكومة السورية ل وقف اعتداات ها على شعب ها ,استمرار تدفق النازحين السوريين إلى تركيا 
1,السلطات التشيلية تستخرج رفات الرئيس التشيلي الأسبق سلفادور أليندي ل تحديد ما إذا كان قد مات انتحارا أم اغتيالا ب رصاص القوات التي اقتحمت قصر ه خلال انقلاب عام 1973 ,استخراج رفات الرئيس التشيلي الراحل سلفادور أليندي ل تحديد سبب وفات ه 
1,مئات السوريين الذين كانوا على الحدود منذ عدة ايام  يفرون الى داخل الاراضي التركية مع تقدم الجيش معززا ب الدبابات من مخيم هم ,سورية  فرار مئات السوريين الى داخل تركيا 
1,اظهرت احداث جمعة الغضب الثانية انقساما شديدا بين القوى الليبرالية  و بين القوى الاسلامية في مصر  و ل ازال الخلاف بين هما محتدما حول تعديل الدستور ,انقسام الشارع المصري بين ليبراليين و اسلاميين 
0,سفيرة سورية تعلن استقالت ها من منصب ها احتجاجا على ما وصفت ه ب القمع الذي تمارس ه السلطات السورية ب حق المحتجين ,السفيرة السورية في باريس ل ميا شكور تستقيل احتجاجا على قمع الاحتجاجات في بلد ها 
0,باحثون ب الولايات المتحدة يقولون إن الأشخاص المصابين ب مرض الشريان التاجي يواجهون مخاطر الموت أكثر من غير هم إذا كانت خصور هم محاطة ب الشحوم ,عيادات مايو ك لين ك  أصحاب الخصور المحاطة ب الشحوم يواجهون مخاطر مضاعفة ل لإصابة ب أمراض القلب 
0,وزير العمل السعودي يقول ان ه لن تصدر تأشيرات عمل ل من امضوا اكثر من ست سنوات في البلاد  و ذلك ل توفير فرص العمل ل لسعوديين و وزارت ه تصدر بيانا يقول ان ذلك ينطبق على المؤسسات التي لا تلتزم ب تحقيق نسب السعودة في ها  و ذلك ل دفع ها كي تحسن من اوضاع ها ,قيود على تأشيرات العمل ل لوافدين ل توفير الفرص ل لمحليين 
0,الصحف البريطانية الصادرة صباح الأربعا تركز على زيارة الرئيس الأمريكي إلى بريطانيا و عرض أوباما و كامرون تقديم مساعدات إلى مصر و تونس و معالجة الاتحاد الأوروبي ل موضوع الهجرة غير الشرعية ,أوباما و كامرون يعرضان مساعدات مالية على مصر و تونس 
0,ازمة اللاجئين السوررين الى تركيا و تداعيات ذلك على علويي تركيا و توتر يسود اقليم الاسكندرونة او زيادة حادة في المشاعر المعادية ل لزعيم الليبي في العاصمة طرابلس ,الصحف البريطانية  الازمة السورية تنتقل الى تركيا 
1,تقرير معهد أوكلاند يكشف النقاب عن ظاهرة استحواذ رؤوس أموال أجنبية على أراض في دول افريقية ب غرض الانتاج الزراعي  و ما نجم عن ه من تشريد المزارعين ,الكشف عن ظاهرة الاستحواذ على أراض في افريقيا ل لانتاج الزراعي 
0,شارك العديد من النسا و الرجال السبت في مسيرة في العاصمة البريطانية لندن ل لتنديد ب اغتصاب النسا  حسب ما اعلن منظمو الحدث ,حوالي 5 آلاف شخص في مسيرة ضد الاغتصاب في لندن 
0,نقابات في اليونان تعلن إضرابا عاما في البلاد  و ذلك عشية اجتماع البرلمان اليوناني ل مناقشة تدابير التقشف الجديدة ,اليونانيون يعلنون إضرابا عاما و البرلمان يناقش إجراات التقشف التي تتطلب ها حزمة المساعدات الأوروبية 
0,بينما يستمر القتل في ليبيا  و مع استمرار قصف الناتو ل أهداف في طرابلس  يناقش دبلوماسيون مستقبل ليبيا بعد القذافي  و أوكامبو يحقق في مزاعم عن ضلوع القذافي في جرائم اغتصاب ,انهيار نظام القذافي أمر حتمي 
0,الغارديان تنشر تقريرا ل مراسل ها في حمص  يتحدث عن ما اصبح ب مثابة يوميات الاحتجاج و التحدي و مقاومة النظام في سورية  الذي صار أو اوشك ان يكون شأنا يوميا ,صحف بريطانية  المعارضة في سورية تنظم نفس ها 
0,وزير الدفاع الأمريكي يقول إن ه من المرجح أن تطلب الحكومة العراقية تأجيل انسحاب القوات الأمريكية ب سبب الوضع الأمني ,ليون بانيتا يرجح طلب حكومة المالكي تأخير انسحاب القوات الأمريكية 
1,مقتل 9 اشخاص في هجوم نفذ ه مسلحون مجهولون على حفل زفاف في افغانستان ,مسلحون يقتلون 9 ب حفل زفاف ب افغانستان 
0,قدم احد الاعضا استقالت ه من مجلس النواب في الكونغرس الأمريكي بعد افتضاح أمر صور جنسية ل ه نشر ها على الإنترنت ,أنثو ني و ينر يستقيل ب سبب فضيحة جنسية 
1,ب سبب الأوضاع الأمنية المتدهورة في اليمن تستضيف أستراليا مباراتي الذهاب و الإياب مع المنتخب اليمني في كرة القدم ضمن التصفيات المؤهلة ل أوليمبياد لندن العام القادم ,استراليا تستضيف مبارتي الذهاب و الإياب مع اليمن في التصفيات الأوليمبية 
0,رئيس الوزرا التركي حرص في خطاب النصر الذي ألقا ه عقب فوز ه ب تشكيل الحكومة الجديدة  حرص على إبراز فكرة أن إعادة انتخاب ه ليست نصرا ل ه و ل حزب ه ف حسب  بل ل لأمة التركية ب أسر ها ,تركيا بعد الإنتخابات  تحديات تواجه رجب طيب إردوغان في فترة ولايت ه الثالثة 
0,حظيت تغطية الاوضاع في سورية ب حضور واضح في صحف الاثنين البريطانية الصادرة و التي ركزت على الازمة الانسانية في ها و فرار آلاف اللاجئين السوريين الى تركيا ,الغارديان  رجل امريكي كان ورا تلفيق حكاية اعتقال مدونة مثلية سورية 
1,الرئيس الافغاني حامد كرزا ي يجري محادثات في باكستان تركز  على الأرجح  على مضاعفة الجهد ل لتفاوض مع حركة طالبان  من أجل التوصل الى اتفاق سلام ,كرزا ي في باكستان ل بحث التفاوض مع طالبان 
1,المحكمة الإدارية المصرية تغرم الرئيس المصري السابق حسني مبارك  و مسؤولين سابقين  أكثر من 90 مليون دولار  بعد ادانت هم ب قطع خدمات الانترنت و الهاتف المحمول خلال ثورة يناير المصرية ,ت غريم مبارك و مسؤولين سابقين أكثر من 90 مليون دولار ل قطع هم خدمات الهاتف 
1,الرئيس السوداني عمر حسن البشير يقول إن ه لن يسحب القوات الحكومية من المناطق التي سيطرت علي ها في اقليم ابيي المتنازع علي ه مع الجنوب ,البشير يرفض سحب قوات ه من ابيي 
1,تظاهرات جمعة العشائر تسفر عن مقتل 28 على الاقل ب رصاص الامن و الجيش السوري  و اتهامات ل لحكومة ب انتهاج سياسة الارض المحروقة  و ادانات تركية ,سورية  28 قتيلا و اتهامات ل لحكومة ب سياسة الارض المحروقة 
1,المقترح الذي طرح ه نائب جمهوري امريكي اثنا زيارت ه بغداد ب أن يرد العراقيون الاموال التي انفقت ها الولايات المتحدة الامريكية في غزو و احتلال بلاد هم يثير غضبا شديدا في الاوساط السياسية العراقية ,غضب في العراق على مقترح نائب امريكي ب أن يرد العراقيون الاموال التي انفقت ها امريكا في غزو ها ل بلاد هم 
0,اشتباكات عنيفة بين قوات المعارضة و ك تائب القذافي في مدينة الزاوية تؤدي الى قطع الطريق الرئيسي المؤدي من العاصمة الليبية طرابلس الى تونس ,ليبيا  اشتباكات في الزاوية و تجدد القصف في طرابلس 
0,اختلاف وجهات النظر حول ممارسات المجلس العسكري الحاكم في مصر ,تصاعد الانتقادات ل قرارات المجلس العسكري في مصر 
1,كشفت شركة آبل خدمة آي كلاود التي طال انتظار ها  و ذلك في المؤتمر السنوي ل خبرا التطوير التقني ,آبل تكشف عن خدمة آي كلاود 
1,تفيد تقارير إعلامية ب مطابقة الحامض النووي ل رئيس الصندوق الدولي السابق ب ذلك الذي وجد على زي عاملة فندق اتهمت ه ب التحرش ب ها جنسيا و ذلك نقلا عن مصادر لم تسم ها ,تقارير تؤكد مطابقة فحص الحامض النووي ل رئيس الصندوق الدولي السابق 
0,محكمة هولندية تبرأ سياسي هولندي من تهمة إثارة الكراهية و التمييز ضد المسلمين و ضد المغاربة ب وجه خاص ,هولندا  تبرئة خيرت فيلدرز من تهمة اثارة الكراهية ضد المسلمين 
1,مقتل ثلاثة نشطا فلسطينيين ب إنفجار في معسكر تدريب ل لجان المقاومة الشعبية في رفح جنوب غزة  و الجيش الإسرائيلي يشن حملة ل اعتقال عناصر في الجهاد الإسلامي ب الضفة الغربية ,غزة  مقتل ثلاثة نشطا فلسطينين في انفجار ب معسكر تدريب 
1,القوات الموالية ل لزعيم الليبي معمر القذافي تقصف ب الصواريخ بلدة اجدابيا التي يسيطر علي ها المعارضون شرق البلاد ,قوات القذافي تقصف بلدة اجدابيا في الشرق 
0,بينما كان رئيس الوزرا البريطاني يقوم ب جولة تفقدية في مستشفى في لندن  فوجئ هو و طاقم تصوير ه ب ثورة عارمة ل لطبيب المسؤول الذي أبدى اعتراض ه على زي المصورين و طلب خروج هم من الغرفة على الفور ,طبيب يطرد رئيس الوزرا البريطاني 
1,ابرز نجوم هوليوود في ضيافة الممثلة و مقدمة البرامج الامريكية الشهيرة اوبرا و ينفري  التي تسدل الستار على برنامج ها الحواري الذائع  بعد نحو ربع قرن  الاسبوع المقبل ,اوبرا و ينفري ت سدل الستار على برنامج ها الشهير بعد 25 عاما 
1,توصل علما استراليون إلى طريقة جديدة ل لحصول على آثار بصمات من الأدلة القديمة صالحة ل أغراض التحقيق الجنائي ,تقنية جديدة ل لتعرف على آثار البصمات 
1,إحالة الرئيس المصري السابق حسني مبارك و نجلي ه جمال و علا إلي المحاكمة الجنائية ب تهم القتل العمد و الشروع في قتل بعض المتظاهرين و استغلال النفوذ و الاضرار العمدي ب المال العام ,إحالة مبارك و نجلي ه إلى محكمة الجنايات 
0,تظاهرات و احتجاجات في عدد من المدن السورية بين ها دمشق و حماة و الحسكة و القامشلي و درعا و حمص ,سورية  قتيلان في جمعة العشائر و تظاهرات في مختلف أنحا البلاد 
0,الوكالة الدولية ل لطاقة الذرية ترجح أن الموقع الذي قصفت ه إسرائيل في شهر أيلول عام 2007 كان مفاعلا نوويا ,وكالة الطاقة الذرية  الموقع الذي قصفت ه إسرائيل في سورية كان مفاعلا نوويا 
1,قال متحدث ب اسم الخارجية التركية إن أنجلي نا جولي ستزور مخيمات اللاجئين السوريين الذين فروا إلى الأراضي التركية هربا من الأوضاع المضطربة في سورية ,انجلينا جولي تعتزم زيارة اللاجئين السوريين في تركيا 
0,تأجيج الصراع في اليمن ب سبب استهداف رئيس ه  و إعادة سباق الفوميولا و ان إلى حلبة البحرين رغم عدم استقرار الأوضاع في ها و التخوف في إسرائيل من ضرب إيران  في الصحف البريطانية السبت ,الفاينانشيال تايمز  الرئيس اليمني نال ب الهجوم علي ه ما تمنا ه 
1,رئيس الوزرا الإسرائيلي بنيامين نتنياهو أعلن أن إسرائيل متمسكة ب القدس عاصمة أبدية ل ها و أن المدينة لن تقسم أبدا تصريح نتنياهو جا أثنا احتفالات اسرائيل ب ما يعرف ب يوم القدس الذي يصادف استيلا القوات الإسرائيلية على الشطر الشرقي من المدينة قبل 44 عاما ,في يوم القدس  نتانياهو يؤكد تمسك إسرائيل ب القدس عاصمة موحدة و أبدي ة ل ها 
0,الستار يسدل السبت على موسم المنافسات الاوروبية ل كرة القدم ب قمة نهائي دوري الابطال بين فريقي مانشستر يونايتد الانجليزي و برشلونة الاسباني في استاد و يمبلي ب لندن ,نهائي دوري الأبطال  فوز برشلونة على مانشستر يونايتد 
1,الأمم المتحدة تقول إن أربع مروحيات تابعة ل بعثت ها في السودان تعرضت ل اطلاق نيران في منطقة أبيي المتنازع علي ها  و التي تشهد توتر مطردا بعد الاشتباكات بين قوات من شمال السودان و جنوب ه في ها ,السودان  إطلاق النيران على مروحيات الأمم المتحدة في أبيي 
0,القا القبض على اربعة مستوطنين ل اخلال هم ب النظام العام و الشرطة تقول ان من بين هم صبيا احرق عقارا فلسطينيا في الضفة ,الشرطة الاسرائيلية تعتقل اربعة مستوطنين في الضفة الغربية 
0,مسؤولون هنود يقولون إن هيجان فيلين تسبب في مقتل شخص على الأقل و انتشار الرعب بين السكان ,ف يلان هائجان يعيثان فسادا في مدينة ب جنوب البلاد 
0,صحيفة نيويورك تايمز الصادرة الخميس تنقل عن مسؤولين امريكيين قول هم ان ادارة الرئيس الامريكي باراك اوباما كثفت من وتيرة حرب ها السرية في اليمن في الاسابيع الاخيرة ,نيويورك تايمز  الامريكيون يكثفون غارات هم في اليمن ضد القاعدة 
0,الاعتراف الذي أدلى ب ه أحد الضباط المصريين ل سي أن أن أخرج الجني من القمقم ك ما تقول منى الطحاوي  في مقال ها في صحيفة الغارديان حول الاضطهاد الجنسي الذي ما زالت النسا في مصر يتعرضن ل ه ,الغارديان  فحص العذرية و ثورة مصر القادمة 
1,تنظيم القاعدة يصدر بيانا يعين في ه أيمن الظواهري زعيما ل تنظيم القاعدة خلفا ل أسامة بن لادن  الذي قتلت ه قوات أمريكية في عملية خاصة في الثاني من أيار الماضي ,تعيين أيمن الظواهري قائدا ل تنظيم القاعدة خلفا ل بن لادن 
1,إلغا عدد من الرحلات الجوية من نيوزيلندا و تسمانيا بعد وصول رماد البركان الذي ثار في تشيلي إلي هما ,نيوزيلندا تلغي رحلات جوية ب سبب رماد بركان تشيلي 
0,مراسلو وسائل الاعلام الاجنبية العاملين في ليبيا يعملون في ظل رقابة شديدة و قيود كبيرة و رغم تعرض ليبيا ل اكثر من 10 الاف غارة ف ان الصحفي الاجنبي يجد صعوبة كبيرة ل لتمييز ما بين الحقيقة و الدعاية فيما يجري في ليبيا ,حرية الاعلام في ليبيا  الطفلة حنين مثالا 
1,السلطات الأمريكية تحتجز امرأة و تستجوبتها ل لاشتباه في قيام ها ب محاولة بيع صخرة من القمر في مقابل 17 مليون دولار أمريكي في ولاية كاليفورنيا ,استجواب أمريكية حاولت بيع صخرة من القمر مقابل 17 مليون دولار 
0,أفرجت السلطات الصينية الأربعا عن نحات و ناشط السياسي ب كفالة حسب ما ذكرت تقارير إعلامية حكومية ,الصين  الإفراج عن إي وي وي ب كفالة 
0,لا تزال الصحف البريطانية تفرد جانبا من صفحات الرأي و الأخبار ل مجريات الأحداث التي يشهد ها عدد من الدول العربية فيما بات يعرف ب الربيع العربي  لكن تراجع التركيز في صحف الاثنين على الملفين الليبي و السوري ل ينشغل ب الشأن اليمني ,الاندبندنت  فر الطاغية لكن خطر الحرب الأهلية لا يزال قائما 
1,تشهد الساحة السياسية في مصر جدلا واسعا حول المسار السياسي الاخوان المسلمون و السلفيون يطالبون ب اجرا الانتخابات اولا  فيما تطالب الاحزاب الليبرالية ب تعديل الدستور اولا و تأجيل الانتخابات ,انقسام بين الاسلاميين و الليبراليين في مصر 
0,نائب رئيس الوزرا العراقي يقول إن العراق سيظل ب حاجة الى العون العسكري ل لدفاع عن سمائ ه و مياه ه و منشآت ه النفطية ,حسين الشهرستاني يقول إن بلاد ه ستظل ب حاجة الى عون عسكري امريكي 
0,مصر تفتح معبر رفح مع قطاع غزة أمام النسا و الأطفال و الرجال فوق سن الأربعين بينما يتطلب حصول الرجال ما بين سن الثامنة عشرة و الأربعين على تصريح خاص ل اجتياز ه ,مصر تفتح معبر رفح بعد اربع سنوات من الاغلاق و انزعاج اسرائيلي 
0,تجددت الاشتباكات المسلحة الأربعا بين شمال السودان و جنوب ه في منطقة أبيي الحدودية المتنازع علي ها  و واشنطن و الأمم المتحدة قلقتان من تواصل الاشتباكات ب ولاية جنوب كردفان ,السودان  60 ألف نازح يفرون من من جنوب كردفان 
1,اتهمت واشنطن حكومة دمشق ب التسبب في أزمة إنسانية و طالبت ها ب وقف العمليات العسكرية و السماح فورا ب دخول الصليب الاحمر ,واشنطن تتهم دمشق ب التسبب ب أزمة انسانية 
0,مصدر في وزارة الداخلية العراقية يعلن عن مقتل 18 شخصا على الاقل و اصابة اكثر من سبعين جريحا في هجمات متفرقة في البلاد ,مقتل 18 شخصا و جرح اكثر من سبعين في هجمات متفرقة ب بغداد 
1,وزير الخارجية الالماني يعلن في بنغازي اعتراف بلاد ه ب المجلس الانتقالي المعارض ممثلا شرعيا ل لشعب الليبي ,ليبيا  المانيا تعترف ب المجلس الانتقالي المعارض 
1,المجلس العسكري الحاكم في مصر أعلن أن ه يحترم حق التظاهر السلمي المكفول ل كل المصريين  و لكن ه اتخذ قرار ب عدم تواجد القوات المسلحة ب صورة نهائية في أماكن التظاهرات المتوقعة غدا تحت شعار يوم الغضب الثاني ,المجلس العسكري الحاكم في مصر يتعهد ب عدم التصدي ل مظاهرات يوم الغضب الثاني 
1,اوقفت مخابرات الجيش اللبناني رجل الدين محمد علي الحسيني ل لاشتباه ب تعامل ه مع اسرائيل ,المخابرات العسكرية اللبنانية توقف رجل دين ب تهمة التعامل مع اسرائيل 
0,عودة نجم مانشستر يونايتيد السابق ديفيد بيكهام الى صفوف نادي ه القديم  و ذلك ل لمشاركة في المباراة الودية التي اجريت الثلاثا ل تكريم لاعب مانشستر المعتزل غاري نيفيل ,بيكهام يعود الى مانشستر  و لكن ل مباراة واحدة فقط 
1,فرق الاطفا تكافح ل احتوا حريق ضخم في غابات ولاية اريزونا الامريكية بات يهدد التجمعات السكانية في المناطق الجبلية في شرقي الولاية و امتد على مساحة 583 كلم مربعا ,حرائق الغابات تهدد عددا من المدن الامريكية في اريزونا 
0,ب النسبة ل انصار نادي برشلونه  الذي سيخوض المباراة النهائية ل دوري ابطال اوروبا يوم السبت المقبل امام مانشستر يونايتيد الانجليزي  لا يقتصر الدعم الذي يقدمون ه ل فريق هم على الكرة فقط بل يمتد ل يشمل صراع هم القومي من اجل هويت هم المميزة ,نادي برشلونه  اسباني الجنسية كاتالوني الروح 
1,تطور شركة ف ورد ل صناعة السيارات كرسيا ل لقيادة خاصا ب السائقين المسنين من خاصيات ه مراقبة عمل القلب ,ف ورد تطور مقعدا ل مراقبة قلوب السائقين المسنين 
0,رئيس الوزرا البريطاني ديفيد كاميرون و الرئيس الأمريكي باراك أوباما يؤكدان خلال مؤتمر صحفي مشترك دعم الربيع العربي في شمال افريقيا و ضرورة رحيل الزعيم الليبي معمر القذافي ,أوباما و كاميرون  لا مستقبل ل ليبيا مع القذافي و علي ه الرحيل 
1,وكالة انبا فارس الايرانية تؤكد ان غواصات تابعة ل لبحرية الايرانية تقوم ب مهمات جمع معلومات و التعرف على القطع البحرية العائدة ل لدول الاخرى في البحر الاحمر ,ايران ترسل غواصات ها الى البحر الاحمر 
1,سيدة سعودية قررت المغامرة و خرجت ب سيارت ها إلى الشارع في أحد شوارع جدة ب المملكة العربية السعودية في تحد صارخ ل لقواعد التي تحظر على النسا قيادة السيارات في المملكة ,إمرأة سعودية تسعى ل وضع بنات جنس ها في مقعد القيادة 
0,البابا بنديكت السادس عشر بابا الفاتيكان أغلق كنيسة شهيرة في روما بعد أن تبين أن راقصة تعر سابقة تحولت إلى راهبة و لكنه ا ما زالت تؤدي رقصات ها الخليعة داخل الدير ل تسلية كبار الزوار ,البابا يغلق دير الرقص المقدس في روما 
0,سجل بعض ابرز نجوم هوليوود مقتطفات من الثنا و المدح ل لمجهود الذي قدمت ه الممثلة و مقدمة البرامج الامريكية الشهيرة اوبرا  التي تسدل الستار على برنامج ها الحواري الذائع الاسبوع المقبل ,أوبرا و ينفري ت سدل الستار على برنامج ها بعد 25 عاما 
1,قتل ما لا يقل عن 98 شخصا بعد أن ضرب إعصار مدينة جوبلين ب ولاية ميسور ي الأمريكية ,قتلى جرا إعصار ميسور ي 
1,طالب مدعي عام المحكمة الجنائية الدولية ب اصدار مذكرات اعتقال ب حق معمر القذافي و ابن ه سيف الاسلام و رئيس الاستخبارات عبد الله السنوسي و ذلك ل اتهام هم ب ارتكاب جرائم ضد الانسانية في ليبيا ,طلب اصدار مذكرة اعتقال ب حق عدد من رموز النظام في ليبيا 
1,عاشت العاصمة اليونانية أثينا اليوم على وقع مظاهرات حاشدة أمام البرلمان احتجاجا على برنامج التقشف الحكومي الأخير ,تظاهرات حاشدة في اثينا احتجاجا على برنامج التقشف 
1,أعلن ناشطون بحرينيون خروج مظاهرات في بعض القرى خارج العاصمة المنامة ندا ل لدعوات التي و جهو ها عبر الانترنت ل لتظاهر ب التزامن مع بد رفع حالة الطوارئ في وقت حذرت في ه وزارة العدل و الشؤون الإسلامية من تلك الدعوات ,البحرين  ناشطون يؤكدون خروج مظاهرات في بعض القرى بعد رفع حالة الطوارئ 
1,رئيس جنوب افريقيا جاكوب زوما يعلن عن اكبر تكتل ل لتجارة الحرة في افريقيا ب هدف دعم اقتصادات دول القارة ,زوما يعلن عن اكبر منطقة تجارة حرة في افريقيا 
0,منظمة حقوقية تحث الحكومة الكويتية على مشكلة اكثر من 100000 من البدون المحرومين من حقوق المواطنة ,منظمة هيومان رايتس ووتش تدعو الكويت ل حل مشكلة البدون 
0,من الجرائم التي يحمل الجنرال الصربي راتكو ملاديتش مسؤوليت ها تلك التي ارتكبت اثنا حصار العاصمة البوسنية سيراييفو بين عامي 1992 و 1995 ,جروح سيراييفو لم تندمل رغم القبض على راتكو ملاديتش 
1,الحكومة السورية تدعو سكان بلدة جسر الشغور إلى العودة إلى البلدة  و تعلن أن ها تستعد ب ما وصفت ه ب عملية عسكرية محدودة في بلدة معرة النعمان ,سورية  الحكومة تدعو سكان جسر الشغور إلى العودة 
1,أصدر قاض صربي حكما ب أن من الممكن ترحيل راتكو ملاديتش القائد العسكري السابق ل صرب البوسنة إلى لاهاي ل محاكمت ه أمام محكمة جرائم الحرب الخاصة ب يوغسلافيا السابقة ,القضا الصربي يحكم ب امكانية ترحيل ملاديتش إلى لاهاي 
1,في ملتقى انترنت و ورلد يرى المشاركون ان مواقع التواصل التي استخدمت ك أدوات ل لتحشيد و تسويق الأفكار  يمكن استخدام ها ايضا في تقدم البلدان و تنميت ها ,إنترنت و ورلد  مواقع التواصل أداة ل لتعبئة و ل لتنمية أيضا 
1,وزارة الدفاع الأمريكية البنتاغون تعد استراتيجية جديدة تضع الهجمات الالكترونية في مصاف الأعمال الحربية حسب ما ذكرت صحف أمريكية ,البنتاغون يعتبر الهجمات الالكترونية أعمالا حربية 
1,الشرطة الاندونيسية تعتقل 16 شخصا يشتبه في تورط هم في مؤامرات ل قتل رجال الشرطة في البلاد عن طريق سم السيانيد ,اندونيسيا  اعتقال 16 ل لاشتباه في تآمر هم ل قتل رجال الشرطة بسم السيانيد 
1,تقود بريطانيا و فرنسا جهودا تسعى من أجل استصدار قرار من مجلس الأمن الدولي ل أدانة سورية بينما تعارض روسيا ذلك و تلوح ب استخدام حق النقض الفيتو ,سعي بريطاني فرنسي ل قرار اممي ضد سورية و معارضة روسية 
0,معدل التضخم في الصين يواصل الارتفاع و توقعات ب رفع اسعار الفائدة مجددا خشية ان يؤدي مستوى التضخم الى عدم استقرار ثاني اكبر اقتصاد في العالم ,ارتفاع معدل التضخم في الصين الى اعلى مستوى في نحو ثلاثة اعوام 
1,نص المقابلة التي أجرا ها مراسل نا في إسلام آباد عبدالله أبو هلال ه  مع المدير السابق ل جهاز المخابرات الباكستاني الجنرال حميد غل ,مقابلة مع الجنرال حميد غل الرئيس السابق ل جهاز الإستخبارات الباكستاني 
0,وزير الخارجية البريطاني يقول إن على مجلس الامن المضي قدما في اصدار قرار يدين العنف الذي تمارس ه السلطات السورية ب حق مواطني ها ,وليم هيغ يحث اعضا مجلس الامن على دعم مشروع قرار يدين سورية 
0,نجم ريال مدريد البرتغالي يقول إن ه مستعد ل لبقا في ريال ل عشر سنوات اخرى  و يستبعد الانتقال الى مانشستر سيتي الذي عرض 238 مليون دولار ل شرائ ه ,كريستيانو رونالدو  لا اسعى ورا المال  و مستعد ل لبقا في ريال 10 سنوات 
0,مسؤولون فلسطينيون يرفضون ما جا في الخطاب الذي القا ه رئيس الحكومة الاسرائيلية امام الكونغرس الامريكي  قائلين إن طرح نتنياهو لن يؤدي ل لسلام ,الفلسطينيون يرفضون طرح بنيامين نتنياهو حول السلام 
0,نشرت في معرض الكتاب السنوي في كوبا ل أول مرة مذكرات الزعيم اليساري آرنيستو تشي جيفارا عن حرب العصابات التي خاض ها إلى جانب الرئيس الكوبي السابق في دال كاسترو ,مذكرات جيفارا ب كتاب يوميات محارب 
0,نوكيا تعلن موافقة آبل على دفع رسوم ل ها مقابل استخدام تكنولوجيت ها ل تنتهي النزاعات القضائية بين الشركتين ,نوكيا وآبل تسويان خلافات هما ب شأن براات الاختراع 
0,تأهلت الايطالية فرانشيسكا سكيافوني و الصينية نا ل ي إلى المباراة النهائية من بطولة رولان غاروس الفرنسية ثاني البطولات الاربع الكبرى ل لتنس ,رولان غاروس  سكيافوني تدافع عن لقب ها أمام أول صينية تصل الى المباراة النهائية 
0,قالت وكالة انبا سبأ الرسمية اليمنية إن الرئيس اليمني خرج من غرفة العناية المركزة بعد نجاح عملية جراحية في مستشفى ب الرياض و السلطات اليمنية تعلن مقتل 12 من القاعدة ,صالح غادر العناية المركزة و مقتل 12 من القاعدة في محافظة أبين 
0,لاعب التنس الأسباني رفائيل نادال يفوز ب لقب بطولة رولان جاروس ل لتنس بعد فوز ه على غريم ه السويسري روجيه في درر و يعادل عدد مرات الفوز ب اللقب المسجل ب اسم بيورن بورج الفائز ب البطولة ست مرات ,نادال يفوز ب بطولة رولان جاروس بعد فوز ه على بيورن بورج 
0,بينما يصعد حلف شمال الاطلسي حملت ه الجوية في ليبيا  يعقد وزرا دفاع الدول الاعضا في الحلف اجتماعا في العاصمة البلجيكية بروكسل يوم الاربعا ل استعراض النتائج التي حققت ها الحملة بعد شهرين من انطلاق ها ,ليبيا  الاطلسي يستعرض نتائج حملت ه الجوية  و القذافي يدعو ل لقتال حتى الموت 
1,الولايات المتحدة أدانت خطط إيران ل زيادة كمية اليورانيوم المخطب ب نسبة 20 في المئة الى ثلاثة اضعاف ,الولايات المتحدة تدين خطة إيران زيادة كمية اليورانيوم المخصب 
0,علي عبدالله صالح الذي أصيب خلال هجوم على القصر الجمهوري وجه كلمة مسموعة من خلال التلفزيون اتهم في ها عصابات خارجة على القانون ب تنفيذ الهجوم ,الرئيس اليمني وجه كلمة قصيرة مسموعة من خلال التلفزيون 
0,بعد سبعة أسابيع قضا ها الرئيس المصري المخلوع حسني مبارك في مستشفى فاخر في شرم الشيخ ل لعلاج مم ا يقال إن ه اضطرابات في القلب ظهرت في مصر بوادر تأييد غير متوقع تطالب ب العفو عن الرئيس السابق ,مصير مبارك يثير الانقسام داخل المجتمع المصري 
1,محكمة جنايات شمال القاهرة قضت اليوم الخميس ب السجن المشدد 5 سنوات على وزير الإسكان السابق أحمد المغربي و عزل ه من وظيفت ه و تغريمه 72 مليون جنيه مصري إثر إدانت ه ب إهدار المال العام و التربح من وظيفت ه ,الحكم ب السجن المشدد 5 سنوات على وزير الإسكان المصري السابق أحمد المغربي 
1,الصين تجري محادثات مع المعارضة الليبية  بينما قالت فرنسا إن ها تعمل مع مقربين من القذافي في محاولة ل اقناع ه ب التنحي ,ليبيا  محادثات صينية مع المعارضة و اتصالات فرنسية ب مقربين من القذافي 
1,اردوغان يعقد اجتماع أزمة مطول مع موفد الرئيس السوري بشار الاسد  بحثا في ه الازمة التي تمر ب ها سورية و تدفق اللاجئين السوريين الى الاراضي التركية ,اجتماع ازمة بين اردوغان و مبعوث الاسد 
0,زوما يقول إن حلف شمال الاطلسي يسي استخدام تفويض الامم المتحدة الذي يهدف ل حماية المدنيين من قوات الزعيم معمر القذافي من أجل تغيير النظام و ارتكاب اغتيالات سياسية ,رئيس جنوب افريقيا  الاطلسي يسي استخدام التفويض الأممي حول ليبيا 
0,اللوا علي محسن الاحمر المؤيد ل لانتفاضة في اليمن يتهم قائد الحرس الرئاسي الخاص و وكيل جهاز الامن القومي  ابني شقيق الرئيس ب الإشراف على الجماعات الارهابية التي يخوف ب ها صالح الغرب ب حسب وصف ه ,اللوا الأحمر  اليمن سيكون أكثر أمنا ب دون صالح 
1,الأمم المتحدة تقول إن معسكرا ل لاجئين الفارين من القتال في ليبيا داخل تونس دمر ب الكامل إثر وقوع اشتباكات بين جماعات من جنسيات افريقية مختلفة و بعض السكان المحليين ,الأمم المتحدة  تدمير معسكر ل لاجئين في تونس في مصدامات مع الأهالي 
1,دخل النيوزيلندي جيد ميلدون موسوعة جينيسس ل لأرقام القياسية العالمية بعد أن أدى قفزة بهلوانية ب دراجة هوائية من طراز BMX دار في ها في الهوا ثلاث مرات و هبط ب شكل مثالي ,قفزة بهلوانية ثلاثية ب استخدام دراجة BMX 
0,التوقعات تشير إلى أن رئيس الوزرا رجب طيب أردوغان سيفوز ب فترة ولاية ثالثة في الانتخابات العامة المقررة يوم الأحد ,الاقتصاد ورقة ارودغان الرابحة في الانتخابات التركية 
1,روسيا تكسب تأييد الصين و الدول الأعضا في منظمة شنغهاي ل لتعاون إلى جانب ها في انتقاد خطة الولايات المتحدة الأمريكية في إنشا الدرع الصاروخي ,روسيا و الصين تحذران من الدرع الصاروخي الأمريكي 
0,أدى تفاقم الأزمة اليونانية إلى اضطراب في أسواق المال العالمية خاصة البورصات الأوروبية التي شهدت تراجعا كبيرا ,ازمة اليونان تؤدي إلى تراجع في البورصات العالمية في بداية التعاملات يوم الخميس 
1,المدونون في مصر ينظمون احتجاجا على الانترنت ضد المجلس العسكري الحاكم في البلاد ب شأن اتهامات ل ه ب إخضاع متظاهرات ل اختبار العذرية أثنا احتجاز هن و العفو الدولية تدعو السلطات المصرية إلى احالة المسؤولين عن القضية إلى القضا ,العفو الدولية تطالب ب التحقيق في اخضاع متظاهرات مصريات ل اختبارات العذرية 
0,وزارة الصناعة و تكنولوجيا المعلومات الصينية تعلن ان ها ستعيد هيكلة قطاع المعادن في منغوليا الصينية و ان شركة واحدة ستتولى ذلك ,الصين تشكل احتكارا ل منتجات ها من المعادن النادرة 
1,الرباعية الدولية الراعية ل عملية السلام في الشرق الاوسط تؤيد ب قوة الرؤية التي اعلن عن ها الرئيس الامريكي باراك اوباما يوم الخميس ل لسلام في الشرق الاوسط ,الرباعية الدولية تؤيد رؤية أوباما ل لسلام في الشرق الأوسط 
1,مجموعة تضم نحو عشرين من أبرز شخصيات اليسار الإسرائيلي وجهت خطابا تدعو في ه الاتحاد الأوربي إلى الاعتراف ب دولة فلسطينية داخل حدود الرابع من يونيو عام 1967 ,يساريون إسرائيليون بارزون يدعون أوروبا ل لاعتراف ب دولة فلسطينية 
0,هجوم انتحاري ب تفجير سيارة في تكريت ب العراق يسفر عن 13 قتيلا و اصابة اخرين و الجيش الامريكي يعلن مقتل خمسة جنود امريكيين  و مقتل خمسة في بغداد ,مقتل خمسة جنود امريكيين ضمن سلسلة هجمات اسفرت عن عشرات القتلى و الجرحى 
0,قالت وكالة ابحاث السرطان التابعة ل منظمة الصحة العالمية إن الهواتف النقالة ربما تكون مسرطنة ,الهواتف النقالة قد تسبب في الاصابة ب سرطان الدماغ 
0,مكوك الفضا الامريكي ينطلق من مركز كنيدي الفضائي ب فلوريدا  في اخر رحلة ينقل خلال ها تجربة فيزيائية رائدة الى محطة الفضا الدولية ,إنديفر في آخر رحلة ل ه الى محطة الفضا الدولية يوم الاثنين 
1,دعا المبعوث الروسي الخاص إلى ليبيا ميخائيل مارغيلوف الزعيم الليبي معمر القذافي إلى اتخاذ قرار مسؤول و شجاع ب شان مستقبل ه  و ذلك قبيل زيارة ل ه إلى طرابلس ,روسيا تدعو القذافي إلى اتخاذ قرار مسؤول شجاع ب شان مستقبل ه 
0,في ضربة جديدة  محكمة ادارية تقرر تنحية احد نائبي الرئيس الايراني مؤقتا ل ارتكاب ه مخالفات اثنا تولي ه منصبا آخر ,تنحية احد نائبي الرئيس احمدي نجاد الثمانية ل مخالفات ارتكب ها 
1,يقول الأطبا في الولايات المتحدة إن أحد المصابين ب الشلل تمكن من استعادة جز الحركة في ساقي ه ب فضل عملية غير مسبوقة و ذلك ب استخدام التيار الكهربائي ,استخدام التيار الكهربائي في علاج شلل الساقين 
1,شركة تويوتا العملاقة ل لسيارات اليابانية أعلنت أن ها تتوقع انخفاضا حادا في أرباح ها ل لعام المالي الحالي و ذلك ب سبب كارثة الزلزال المروع الذي ضرب اليابان في شهر مارس الماضي و ما أسفر عن ه من أعطاب في عدد من خطوط إنتاج الشركة ,تويوتا تتوقع انخفاض أرباح ها بعد الزلزال في اليابان 
0,دخلت لاعبة التنس الصينية ل ي نا التاريخ من أوسع أبواب ه ف قد أصبحت أول صينية تتوج ب إحدى البطولات الأربع الكبرى ,ل ي نا أول صينية تفوز ب بطولة الرولان غاروس 
0,وزيرة المالية الفرنسية تزور الهند ل لترويج ل اختيار ها مديرا ل صندوق النقد الدولي خلفا ل لفرنسي الذي استقال دومينيك ستراوس  كان ,ل اغارد تزور الهند ضمن حملت ها ل رئاسة صندوق النقد الدولي 
1,نجاة بن علي شقيقة الرئيس التونسي المخلوع زين العابدين بن علي أوقفت في مدينة سوسة  ب حسب ما اعلنت وزارة الداخلية التونسية ,توقيف شقيقة الرئيس التونسي السابق 
1,سلسلة من التفجيرات استهدفت قوات الأمن في مدينة كركوك شمال شرقي العراق تسفر عن 27 قتيلا و أكثر من 80 مصابا ,العراق  27 قتيلا و عشرات الجرحى في سلسلة انفجارات في كركوك 
0,بينما كان الرئيس الأمريكي يغادر سفارة بلاد ه في دبلن مستقلا سيارت ه الفارهة المصفحة المكتملة التجهيز واجهت ه مفاجأة غير متوقعة  إذ أن سيارت ه كانت أقرب إلى الأرض مم ا يجب مم ا أسفر عن احتكاك أسفل ها ب الرصيف ,سيارة باراك أوباما تعلق على الرصيف 
0,اكتمال العمل في إعداد قاموس ب لغة قوم سكنوا بلاد ما بين النهرين  بعد 90 سنة من بد العمل في تجميع مفردات ه و سبر غور ها ,بعد 90 عاما من العمل  اكتمال قاموس ل لغة الأكدية المندثرة 
1,الاتحاد الافريقي يعلن عن اتفاق شمال السودان و جنوب ه من حيث المبدأ على تحويل منطقة ابيي المتنازع علي ها الى منطقة منزوعة السلاح ,الاتحاد الافريقي  اتفاق مبدئي على جعل أبيي منطقة منزوعة السلاح 
1,رجل الاعمال الاسرائيلي سامي عوفر  الذي اثير اسم شركت ه في فضيحة حول اقامة علاقات تجارية مع ايران  يعثر علي ه ميتا ب منزل ه في تل ابيب ,العثور على تاجر اسرائيلي ميتا ارتبط اسم ه ب الاتجار مع ايران 
1,بعد عقود من السرية سيكشف عن اكثر تقارير الحكومة الامريكية سرية ب شأن حرب فيتنام ,الكشف عن اخطر وثائق امريكية عن حرب فيتنام 
0,لجنة متخصصة بريطانية تدعو الى وضع نظام يحمي الاطفال دون سن البلوغ من تأثيرات الدعايات التجارية التي تستخدم الصور و الايحاات الجنسية ل لترويج ل منتجات ها بين اوساط هم ,لجنة بريطانية  لا تستخدموا الاطفال ب الدعاية التجارية 
1,الشرطة الإسبانية تلقي القبض على رجل بولندي يقال إن ه هرب نفس ه داخل حقيبة وضعت على متن إحدى الحافلات المتجهة إلى مطار برشلونة  و ذلك ل كي يسطو بعد ها على ما تقع علي ه يدا ه في مقصورات الأمتعة ,إسبانيا  بولندي يختبئ في حقيبة ل يسطو على الأمتعة في مطار برشلونة 
1,وزارة التعليم في الصين تقول إن الشرطة القت القبض على 62 شخصا ل بيع هم اجهزة اتصال لاسلكية و غير ها من المعدات الالكترونية يستخدم ها بعض الطلبة ل لغش في الامتحانات الوزارية ,اعتقال 62 شخصا في الصين ل بيع هم اجهزة اتصال تساعد الطلبة على الغش في الامتحانات 
0,14 شخصا اعتقلت هم السلطات النيجيرية خلال الأسبوع الحالي ل لاشتباه في ضلوع هم في هجمات على كنيسة و عدد من أقسام الشرطة في شمال مدينة ميدوجوري ,اعتقالات ل أفراد متورطين في هجمات مسلحة ل طائفة بوكو حرام النيجيرية 
0,كشفت شرطة دورسيت الانجليزية عن حصول ها على منحة من الحكومة ب مبلغ يزيد على 19 مليون جنيه استرليني ل تمكين ها من تمويل نشاطات الشرطة في حفظ أمن و سلامة الألعاب الاولمبية ,شرطة لندن تحصل على إعانات إضافية ل تأمين اولمبياد 2012 
0,تاجيل محاكمة الاطبا المتهمين في المظاهرات امام محكمة عسكرية في البحرين ل شكوى محامي هم من تعرض هم ل لتعذيب ,محكمة عسكرية في البحرين تؤجل النظر في قضية 20 طبيبا 
1,وسط حضور جماهيري ملأ جنبات ستاد و يمبلي الشهير في لندن فاز فريق مانشستر سيتي ب كأس انجلترا ل كرة القدم بعد فوز ه على ستوك سيتي ب هدف مقابل ل اشئ أحرز ه اللاعب يايا توريه في الشوط الثاني من المباراة ,مانشستر سيتي يفوز ب كأس انجلترا ل كرة القدم بعد الفوز على ستوك ب هدف ل صفر 
1,كشف جهاز وضع في قاع البحر ب القرب من السواحل اليابانية أن الزلزال الضخم الذي ضرب البلاد في آذار الماضي أحدث انحرافا ب أكثر من 20 متر في قعر المحيط ,زلزال اليابان أحدث انحرافا مقدار ه 20 مترا في قاع المحيط 
0,وزيرة الخارجية الأمريكية تتعهد ب تحقيق العدالة ل ضحايا الإرهاب  و ذلك أثنا زيارة ل سفارة بلاد ها الجديدة في تنزانيا  ل تحل محل التي هدمت ب تفجير انتحاري عام 1998 ,كلينتون تتعهد ب تحقيق العدالة في زيارة نصب ضحايا تفجير سفارة بلاد ها ب تنزانيا 
1,الملحدون في الولايات المتحدة يقولون إن هم سوف ينظمون حفلات ل لتعبير عن بهجت هم ب قرب نهاية العالم بعد أن تنبأ مذيع إنجيلي ب أن السبت المقبل سوف يكون هو يوم القيامة ,الملحدون في الولايات المتحدة يحتفلون ب قرب نهاية العالم 
1,محكمة مصرية أصدرت حكما ب السجن مدى الحياة على مصري و ضابطين اسرائيليين في الموساد ب تهمة التجسس ل مصلحة الموساد ,السجن مدى الحياة ل مصري و اسرائيليين ب تهمة التجسس 
0,الجيش السوري يواصل حملة التمشيط التي ينفذ ها في القرى المجاورة ل بلدة جسر الشغور التي سيطر علي ها ,سورية  الجيش يوسع عمليات ه العسكرية شمال البلاد 
1,عدة دول في العالم تتوصل إلى اتفاق ب شأن نصب أكبر تلسكوب لاسلكي في العالم في مرصد جودريل ب انك في منطقة تشيشير في بريطانيا  ب حيث تبلغ كلفة المشروع 13 مليار جنية إسترليني ,اختيار مرصد جودريل ب ان ك ك قاعدة ل أكبر تلسكوب لا سلكي في العالم 
0,الرئيس الباكستاني السابق ينفي ان تكون مخابرات بلاد ه على علم ب وجود اسامة بن لادن في باكستان  و لكن ه يقول إن ها تقاعست في العثور على مخبأ ه في ابوت آباد ,برفيز مشرف  المخابرات الباكستانية لم تكن ضالعة في إخفا بن لادن 
1,الرئيس الأمريكي باراك أوباما أشار في كلمت ه عن الشرق الأوسط الخميس الى رجل إسرائيلي و آخر فلسطيني فقدا أطفالا و ما زالا ملتزمين ب السلام ,فلسطيني و اسرائيلي يمنحان أوباما الأمل ب السلام 
0,جيرالد بات  محلل بي بي سي ل شؤون الشرق الاوسط  يبحث الدور الذي سيلعب ه الغرب في العالم العربي الجديد في اعقاب الثورات التي يشهد ها اكثر من بلد عربي ,الثورات العربية قد لا تضعف نفوذ الغرب في المنطقة 
0,فيتنام تجري تمارين عسكرية ب العتاد الحي في بحر الصين وسط توتر متصاعد حول مياه متنازع علي ها بين البلدين ,في تحد واضح ل جارت ها  فيتنام تجري مناورات ب العتاد الحي في بحر الصين الجنوبي 
0,وصول عشرات الحالات الى المستشفيات اليمنية من المصابين ب الرصاص العشوائي في الجو  و الذي اطلق ه انصار الرئيس ابتهاجا ب تحسن صحت ه ,ذعر بين سكان المدن اليمنية ل اطلاق النار في الهوا  و مخاوف من الكوليرا 
1,الولايات المتحدة تنبه حكومة السودان إلى أن ها ب استيلائ ها على مدينة أبيي المتنازع علي ها مع الجنوب تجازف ب خسارة إعفاات من فوائد الديون المقدرة ب مليارات الدولارات ,واشنطن تحذر حكومة الخرطوم من خسارة إعفاات الديون ب سبب أبيي 
0,الأكاديمي الأمريكي من أصل فلسطيني رشيد الخالدي كان المحاضر في سلسلة محاضرات إدوارد سعيد في لندن و كان عنوان المحاضرة الكرامة الإنسانية في القدس ,مفارقة الكرامة الإنسانية و الرفات البشري في القدس 
1,كان و و لولو مزارعا أميا بدأ ب صنع روبوتات من اية قطعة خردة يستطيع الحصول علي ها  اما الآن ف هو يمتلك مصنعا ل لروبوتات يعمل في ه 50 فنيا و عاملا ,كان و و لولو المزارع الصيني الأمي الذي اصبح منتجا ل لروبوتات 
0,مصدر دبلوماسي يؤكد بد تحركات أمريكية و أوروبية في الرياض و صنعا ل نقل السلطة سلميا ب شكل فعلي ل نائب الرئيس ,اليمن  محاولات ل إقناع الرئيس صالح ب التوقيع على المبادرة الخليجية و نقل كامل صلاحيات ه ل نائب ه 
0,لاعب الوسط في فريق أرسنال نصري يلقي ب مزيد من الشكوك حول مستقبل ه مع الفريق عندما قال إن ه قد لا يوقع على عقد جديد مع ه ,سمير نصري غير متأكد من بقائ ه مع فريق أرسنال الإنجليزي 
1,جماعة تراقب حقوق الانسان في سورية تقول ان 34 شخصا قتلوا في مدينة حماه الجمعة عندما فتحت قوات الامن السورية النار على متظاهرين ,سورية  أنبا عن مقتل 34 في محافظة حماه 
1,يصوت الايطاليون الاحد في استفتا حول استعادة نشاط الطاقة النووية في البلاد ام لا ,استفتا ايطالي على استئناف النشاط النووي 
0,قتيلان و 6 جرحى في قصف حكومي ل منطقة أرحب  و تواصل الاعتصامات المناوئة ل لرئيس علي عبدالله في صنعا و 16 مدينة يمنية أخرى ,اليمن  القوات الحكومية تجدد قصف ها المدفعي ل منطقة أرحب القبلية شمالي صنعا 
0,بدأت مجموعة من النسا السعوديات تنفيذ ما دعت إلي ه حملة على شبكة الانترنت ل قيادة سيارات هن ,سعوديات يقدن سيارات هن احتجاجا على حظر القيادة على المرأة 
0,شهود يقولون ان مدينة حماة السورية تشهد السبت اضرابا شاملا احتجاجا على ضحايا التظاهرات الذين سقطوا عقب صلاة الجمعة  و تقارير تفيد ب مقتل ثلاثة أشخاص أثنا تشييع جنازات ,سورية  تقارير عن إضراب في حماة و مقتل 3 ب رصاص الأمن 
1,مقتل 17 شخصا و اصابة نحو 50 ب جروح بين هم مسؤولون محليون ب انفجار عبوة ناسفة  استهدفت مصلين وسط مدينة تكريت  مركز محافظة صلاح الدين شمال بغداد ,العراق  17 قتيلا و 50 جريحا ب انفجار في تكريت 
1,مصمم جدار الصين الالكتروني ف انغ بينشينغ يتعرض ل هجوم استخدمت في ه الاحذية و البيض اثنا القائ ه محاضرة في جامعة و وهان ب اقليم هوباي ,لعنة الحذا تلاحق مخترع جدار الصين الالكتروني 
0,طرابلس و ضواحي ها تشهد سلسلة من الغارات ل طائرات الناتو  في وقت تشهد الساحة السياسية مجموعة من التطورات من اهم ها اتفاق على آلية ل تقديم الدعم المادي ل لمعارضة الليبية ,العاصمة الليبية تشهد اعنف غارات جوية من طائرات الناتو 
0,قررت اللجنة المركزية ل حركة فتح فصل عضو لجنت ها المركزية محمد شاكر دحلان و إنها أي علاقة رسمية ل ه ب الحركة و احالت ه الى القضا ,حركة فتح تفصل دحلان و تحيل ه الى القضا على خلفية قضايا مالية و جنائية 
1,دعت روسيا الرئيس الليبي معمر القذافي ل لتنحي عن السلطة فيما يبدو تخليا من ها عن حليف ها  و عرضت القيام ب وساطة ل ترتيب خروج ه من ليبيا ,روسيا تطلب من القذافي التنحي و تعرض الوساطة ل ترتيب رحيل ه 
1,حدد الأمين العام ل لأمم المتحدة ب ان كي مون  مهلة عشر سنوات ل لقضا على فيروس الأيدز في العالم  داعيا أعضا الجمعية العامة ل لامم المتحدة إلى امتلاك الجرأة ل تحقيق الهدف ,ب ان كي مون  يعطي مهلة عشر سنوات ل لقضا على الأيدز 
1,مسلحون يغتالون علي فيصل اللامي المدير التنفيذي ل هيئة المسالة و العدالة العراقية في العاصمة العراقية بغداد ,العراق  اغتيال مدير هيئة المسالة و العدالة ب بغداد 
1,قال معارضون ليبيون في طرابلس إن شعبية نظام الرئيس الليبي معمر القذافي تنهار يوما ف يوما  لكن ه قادر على الإمساك ب زمام السلطة ب استخدام الابتزاز و القتل ,ليبيا  معارضون في طرابلس يتحدثون عن الابتزاز و القتل 
1,فيليب كراولي الناطق ب اسم وزارة الخارجية الأمريكية يستقيل ب سبب تعليق ه الذي وصف في ه المعاملة التي يلقا ها الجندي الذي يشتبه ب تسريب ه معلومات إلى و يكيليكس ب أن ها غبية ,استقالة كراولي بعد تعليق ه على معاملة المتهم ب تسريبات و يكيليكس 
1,فيلم نادر ل لمثل الكوميدي الأسطوري ت شارلي تشابلن اشتر اه صاحب ه ب ثلاثة جنيهات استرلينية و عشرين بنسا سيعرض في المزاد في لندن الشهر القادم حيث من المتوقع أن يحقق سعرا من ستة أرقام ,فيلم نادر ل شارلي تشابلن سيعرض ل لبيع ب المزاد في لندن 
0,تحطمت طائرة عسكرية أمريكية ل لتزود ب الوقود و اشتعلت في ها النيران في جنوب كاليفورنيا ,تحطم طائرة نقل عسكرية أمريكية لدى إقلاع ها 
0,تضمن برنامج زيارة إيلان تشايم جرابيل إلى مصر منذ نحو أربعة أسابيع زيارة الأهرامات  اللقا ب فتيات ليل و الذهاب إلى المعلم الجديد ميدان التحرير  لكن مكان ه هذا الأسبوع هو السجن ,إيلان تشايم جرابيل الجاسوس الإسرائيلي في مصر 
1,أكدت مصادر مطلعة ل وكالة فرانس برس السبت ان البرازيلي ريكاردو غوميز سيعين مدربا جديدا ل لمنتخب السعودي ل كرة القدم ,اختيار البرازيلي غوميز مدربا ل منتخب السعودية 
0,قوات من الجيش السوري تبدأ فجر الأحد دخول مدينة جسر الشغور الواقعة على الطريق بين مدينة حلب ثاني اكبر مدن سوريا و مينا اللاذقية الرئيسي ,سورية  قطعات الجيش تتقدم نحو بلدة جسر الشغور الشمالية الغربية القريبة من الحدود التركية 
1,مارك الموند المؤرخ في اوكسفورد و الاستاذ الزائر في جامعة بلكيت ب أنقره يكتب عن آلية حدوث الثورات و انماط ها من إيران إلى مصر ,الموند يكتب عن الأنماط الثورية من إيران إلى مصر 
0,بلدية لندن ترسل فاتورة ازدحام ب قيمة 10 جنيهات إسترلينية ل موكب الرئيس الأمريكي الذي زار لندن مؤخرا و من ضمن الموكب سيارت ه ,بلدية لندن تصدر فاتورة ب قيمة 10 جنيهات إسترلينية ل سيارة باراك أوباما المعروفة ب اسم الوحش 
0,برنامج الأغذية العالمي الفاو يقول إن من المتوقع أن يرتفع إنتاج الحبوب ل يحقق مستوى قياسا جديدا عام 2011 ب سبب توسيع رقعة المساحات الزراعية و تحسين المحاصيل ,الفاو  توقعات ب ارتفاع إنتاج الحبوب العالمي ب نسبة 35 في المئة 
0,فرق البحث و الإنقاذ الفرنسية تعلن انتها عمليات ها ل انتشال جثث ركاب الطائرة التي تحطمت في المحيط الأطلنطي عام 2009 ,انتها مهمة فرق البحث عن ضحايا طائرة اير  فرانس 
0,العلما يحتارون في اصابة النوع الغريب من بكتريا إي كولاي التي ظهرت في المانيا نتيجة استهلاك خيار من اسبانيا ل لنسا البالغات اكثر من غير هن ,بكتريا الخيار في المانيا تصيب النسا اكثر من الرجال 
0,اعتقلت الشرطة الصربية القائد العسكري السابق ل صرب البوسنة راتكو ملاديتش الذي ظل هاربا من العدالة طيلة 16 عاما بعد أن رصدت ه في قرية ل ازاريفو متخفيا تحت اسم ميلوراد كوماديتش ,اعتقلت الشرطة الصربية القائد العسكري السابق ل صرب البوسنة راتكو ملاديتش في شمال صربيا 
1,اقرت مرشحة اليمين في انتخابات رئاسة بيرو كيكو ف وجيموري ب هزيمت ها أمام منافس ها أوليانتا أومالا المرشح اليساري و ذلك بعد فرز 80 في المئة من الاصوات ,انتخابات بيرو  كيكو فوجيموري تقر ب الهزيمة أمام اومالا 
1,ممثلون عن دول عربيبة و غربية يلتقون في الإمارات العربية المتحدة ل مناقشة الأحداث في ليبيا و تطورات ما بعد القذافي ,لقاات عربية غربية ل مناقشة ما بعد القذافي 
1,مصادر دفاعية إسرائيلية تقول إن سفن مجموعة أوفر التي خرقت الحظر المفروض على التعامل مع إيران كانت تحمل قوات إسرائيلية خاصة ل لتجسس على منشآت ها النووية  و نتنياهو يصف صاحب الشركة ب الصهيوني حتى النخاع ,قوات خاصة إسرائيلية على متن السفن التي خرقت الحظر على إيران 
0,الحكومة التونسية تقرر اجرا الانتخابات في موعد ها بعد دعوات ل تأجيل ها  فيما تطالب قوى سياسية في مصر ب تأجيل الانتخابات القادمة ,اجرا الانتخابات في الموعد المحدد ل ها في تونس ل لاسراع ب عودة الحياة السياسية ل طبيعت ها 
0,باحثون يقولون إن هم اكتشفوا نوعا من البروتينات في سائل النخاع الشوكي يمكن استخدم ه في التنبو ب احتمال الاصابة ب مرض الزهايمر ,ألمانيا  اكتشاف ب روتين يساعد في التنبو ب الزهايمر 
1,انتحاري يفجر سيارة مفخخة قرب مركز ل لشرطة في مدينة البصرة جنوبي العراق  ف يقتل 5 اشخاص و يصيب 15 آخرين ب جروح ,العراق  تفجير انتحاري ب سيارة مفخخة ب البصرة يخلف 5 قتلى 
0,أوباما يعلن سحب 10 آلاف جندي أمريكي من أفغانستان ب نهاية العام من أصل 33 ألفا ,أوباما يعلن سحب 33 ألف جندي أمريكي من أفغانستان 
0,الجيش السوري يواصل حملة التمشيط التي ينفذ ها في القرى المجاورة ل بلدة جسر الشغور التي سيطر علي ها و نزوح الالاف إلى تركيا و لبنان ,سورية  الجيش يوسع عمليات ه العسكرية شمال البلاد و أكثر من 10 آلاف ل اجى سوري عبروا الحدود 
0,الصين تعلن ل لمرة الاولى عن تشكيل قوة من محاربي الفضا الالكتروني يطلق علي ها الجيش الازرق واجب ها حماية شبكات الكمبيوتر العائدة ل جيش التحرير الشعبي من الهجمات و الاختراقات الخارجية ,الصين  جيش ازرق ل حماية شبكات الجيش الاحمر 
0,البيت الابيض يقول ان الرئيس الامريكي يملك صلاحيات الاستمرار ب العمل العسكري في ليبيا من دون الحاجة الى تفويض تشريعي من الكونغرس الامريكي ,صرح البيت الابيض الاربعا ان لاوباما الحق ب العمل العسكري ب ليبيا 
1,الرئيس الأمريكي يصل الى بريطانيا بعد أن قطع زيارت ه ل ايرلندا ب سبب مخاوف من تعرقل حركة الطيران ب سبب غيمة الرماد البركاني الايسلندية ,اوباما في بريطانيا بعد زيارة قصيرة ل ايرلندا 
1,نشرت أول صور ل نائبة الكونجرس الأمريكي غابرييل جيفوردز منذ خضوع ها ل لعلاج جرا تعرض ها ل إصابة خطيرة في الرأس في حادث إطلاق نار في ولاية اريزونا ,ظهور أول صور ل نائبة الكونجرس التي تعرضت ل إصابة ب طلق ناري في الرأس 
0,الأمم المتحدة تصدر تقييما قاتما عن الوضع الاقتصادي في قطاع غزة و تقول في تقرير إن نسبة البطالة ارتفعت ب شكل حاد و انخفضت الأجور مع دخول الحصار الاسرائيلي ل لقطاع عام ه الخامس ,الأمم المتحدة  الحصار الإسرائيلي رفع نسبة البطالة في قطاع غزة إلى أكثر من 45  
0,باحثون أمريكيون يتوصلون إلى لقاح جديد يمكن ه حماية القردة من المعادل ل فيروس إتش آي في  و قد يسهل التوصل إلى لقاح ل لبشر ضد هذا الفيروس ,نجاح تجارب لقاح ضد فيروس الإيدز على القردة 
0,في خطوة من جانب الحكومة العراقية ل تهدئة النقمة الشعبية من الانقطاع المستمر ل لتيار الكهربائي  مجلس الوزرا العراقي يوافق يوم الاحد على تخصيص مبلغ 927 مليون دولار ل تمويل مشروعات ل توليد الكهربا ,العراق  حكومة نوري المالكي تخصص 927 مليون دولار ل قطاع الكهربا 
0,دشنت كلية تدريب خان يونس سيارة فورمولا جديدة قام ب تصميم ها و إنتاج ها طلبة الكلية ل لمشاركة في منافسات الفورمولا ل لطلبة التي ستقام في مدينة برمنغهام البريطانية في تموز القادم ,غزة  طلبة فلسطينيون يصنعون سيارة سباق 
0,منظمة حقوقية سورية تقول ان 34 شخصا على الاقل قتلوا في مدينة حماه الجمعة عندما فتحت قوات الامن السورية النار على متظاهرين كانوا يشاركون في مظاهرات جمعة اطفال الحرية ,مقتل و اصابة العشرات في مظاهرات في جمعة الحرية 
1,هيومان رايتس ووتش تتهم البحرين ب ارتكاب انتهاكات جسيمة ضد المعارضة و المحتجين  و تطالب الكونغرس و إدارة أوباما ب التحرك علنا ل وقف هذه الانتهاكات ,اتهامات ل لبحرين ب ارتكاب انتهاكات جسيمة ضد المحتجين 
0,شرطة مكافحة الفساد في نيجيريا تعتقل رئيس مجلس النواب ديميجي ب انكولي و هو من أقوى السياسيين في البلاد ,نيجيريا  اعتقال رئيس مجلس النواب ب تهمة اختلاس أموال عامة 
1,محكمة عسكرية بحرينية تصدر حكما ب سجن الشاعرة آيات القرمزي التي انتقدت الملك و رئيس وزرائ ه ب تهمة الاشتراك ب التجمهر ب غرض ارتكاب الجرائم و التحريض على كراهية النظام ,البحرين  سجن شاعرة انتقدت الملك و رئيس وزرائ ه 
1,في صمت و هدو تعكف السعودية و الولايات المتحدة إلى تعزيز جذور التعاون العسكري بين هما من خلال مشروع عملاق ل بنا قوة عسكرية سعودية خاصة ل لدفاع عن المملكة في مواجهة أخطار ب عين ها و ك ذلك صفقة قيمت ها 60 مليار دولار ل بيع طائرات إف 15 الأمريكية الجديدة ل لمملكة ,العلاقات العسكرية الأمريكية السعودية تشهد تطورا هادئا و لكن ه عميق 
0,وعد مارادونا جمهور نادي الوصل الإماراتي ب قيادة الفريق الى الفوز ب بطولات الموسم المقبل ,مارادونا المدير الفني الجديد ل نادي الوصل الإماراتي 
1,فاز مسلسل شيرلوك الدرامي التلفزيوني  الذي تعرض ه بي بي سي  ب جائزتي بافتا  إحدا هما جائزة افضل مسلسل درامي كان ذلك في حفل منح الجوائز التقديرية الذي أقيم في لندن ,دراما شيرلوك تفوز ب جائزتي بافتا ل لإعمال التلفزيونية 
1,اكثر من 150 مسلحا يشنون هجوما كبيرا على نقطة تفتيش ل لجيش الباكستاني في اقليم وزيرستان الجنوبي و يقتلون 8 جنود على الاقل و الجيش يقتل 12 مهاجما ,مقتل 8 جنود باكستانيين في هجوم شن ه اكثر من 150 مسلحا في وزيرستان 
0,صار ل يونارد نيموي  الممثل الأمريكي اليهودي الذي لعب دور السيد سبو ك في فيلم ستار ت ري ك  أحدث شخصية عامة تدخل حلبة الحوار ب شأن الصراع الاسرائيلي الفلسطيني ,ممثل أمريكي يهودي بارز يدعو إلى حل الدولتين 
0,رئيس الحكومة الاسرائيلية يصل الى ايطاليا في مسعى ل تأليب الدول الاوروبية ضد خطة الفلسطينيين التوجه الى الامم المتحدة في ايلول المقبل من اجل الحصول على اعتراف ب دولت هم ,بنيامين نتنياهو يسعى الى الحصول على دعم ايطاليا ل مجابهة خطة الفلسطينيين التوجه الى الامم المتحدة 
1,روسيا و النرويج توصلتا إلى اتفاق ل اقتسام نصيب كل من هما من ثروات نفط بحر بارنتس في أقصى شمال كوكب الأرض ,اتفاق بين روسيا و النرويج ل استغلال بترول بحر بارنتس 
1,أقيم في بكين يوم الاثنين سباق ل زوارق التنين تزامنا مع احتفال الناس في أرجا البلاد ب مهرجان زوارق التنين التقليدي ,الصين تحتفل ب مهرجان سباق قوارب التنين 
0,هزت خمسة انفجارات ضخمة مناطق من طرابلس ليلا بينما تتواصل الحملة العسكرية التي يشن ها حلف شمال الاطلسي على العاصمة الليبية ,ليبيا  الناتو شن غارات ليلية على مجمع القذافي 
1,أعلنت سلطات ولاية ميزوري الأمريكية لائحة ب أسما نحو 230 شخصا ما زالوا في عداد المفقودين منذ أن اجتاح المنطقة إعصار قوي يوم الأحد الماضي ,نحو 230 شخصا في عداد المفقودين ب سبب الاعصار في ولاية ميزوري 
1,بيرني إكليستون  صاحب امتياز بطولة العالم ل سباقات سيارات فورمولا  1  يقول إن ه لا يمكن إقامة سباق جائزة البحرين الكبرى نظرا ل استمرار الاضطرابات الأمنية و السياسية التي تشهد ها المملكة ,إكليستون  لا يمكن إقامة سباق جائزة البحرين الكبرى 
0,محكمة في الولايات المتحدة تدين الزعيم السابق ل لطائفة الشيعية في ترينيداد ب المشاركة في خطة كانت تهدف الى تفجير صهاريج و انابيب وقود في مطار كنيدي ب نيويورك ,تجريم آخر ل متهمي خطة تفجير مطار كنيدي ب نيويورك 
0,ناطق ب اسم المعارضة الليبية في بلدة الزاوية القريبة من العاصمة طرابلس يقول إن القتال الذي دار هناك يوم السبت بين قوات المعارضة و قوات نظام القذافي قد اسفر عن مقتل العشرات بين مدنيين و معارضين ,ليبيا  اشتباكات في الزاوية و سقوط 13 قتيلا 
1,تقول السلطات البحرينية إن استضافت ها سباق فورمولا 1 دليل على أن الحياة عادت إلى طبيعت ها في البلاد بعد موجة احتجاجات ,البحرين مستعدة ل استضافة سباق الفورمولا 1 
0,ترحيل الجنرال الصربي السابق راتكو ملاديتش الى لاهاي ل يحاكم ب تهمة ارتكاب جرائم ابادة يعتبر تطورا مؤلما جدا ل لهولنديين ب شكل خاص  ل لدور الذي لعبت ه او لم تلعب ه قوات هم في مذبحة سربرنيتسه ,ترحيل ملاديتش الى لاهاي ينكأ جراحا ظن الهولنديون ان ها اندملت 
0,شركة مصر ل لطيران تعلن عن استئناف رحلات ها الجوية الى العاصمة العراقية  حيث ستسير 4 رحلات الى بغداد و 3 الى اربيل اسبوعيا ,مصر ل لطيران تستأنف رحلات ها الى بغداد الشهر المقبل 
0,المفوضة السامية ل لأمم المتحدة ل حقوق الإنسان شنت هجوما لاذعا على استراليا ب سبب سياسات ها تجاه اللاجئين و السكان الأصليين ,نافي بيلاي تنتقد سياسة استراليا تجاه اللاجئين و السكان الأصليين 
1,باراك اوباما يصعد لهجت ه ضد النظام السوري بعد توقيع قرار ب فرض عقوبات على بشار الأسد ل دور ه فيما تقول واشنطن إن ه عملية قمع تعرضت ل ها الاحتجاجات ,ضغوط خارجية على النظام السوري 
0,احتفظ نادي برشلونة الاسباني ب لقب الدوري الاسباني الممتاز ل كرة القدم ب تعادل ه يوم الأربعا مع ل يفانتي ب هدف ل كل من هما ,برشلونة يحتفظ ب لقب الدوري الاسباني ل لعام الثالث على التوالي 
0,توصلت دراسة بريطانية إلى أن خطر إصابة المرأة ب سرطان الثدي يزداد مع انخفاض سن البلوغ  و ربطت الدراسة ذلك ب مستوى المعيشة ,البلوغ يزيد خطر الإصابة ب سرطان الثدي 
0,تعادل منتخب انجلترا ل كرة القدم مع ضيف ه السويسري ب هدفين ل كل من هما في المباراة التي جرت يوم السبت على ملعب و يمبلي في لندن في إطار منافسات المجموعة السابعة التصفيات المؤهلة ل بطولة اوروبا ,تصفيات أوروبا 2012  انجلترا تتعادل مع سويسرا و تحتفظ ب صدارة المجموعة السابعة 
0,موكب احتفالي رافق نقل الكتب الملكية العائدة الى كوريا من فرنسا الى قصر جيونجبوك حيث سيجري الاحتفاظ ب ها ,كوريا الجنوبية تحتفل ب عودة الكتب الملكية 
1,الطيران الحربي اليمني يشن غارات جوية على مناطق قبلية خارج العاصمة اليمنية  و هدو حذر يسود صنعا بعد نجاح وساطة سعودية في وقف اطلاق النار بين القوات الحكومية و الزعيم القبلي المعارض صادق الاحمر ,الطيران الحربي اليمني يقصف مناطق قبلية و هدنة في صنعا 
